-- --------------------------------------------------------
-- Host:                         127.0.0.1
-- Versión del servidor:         10.4.32-MariaDB - mariadb.org binary distribution
-- SO del servidor:              Win64
-- HeidiSQL Versión:             12.6.0.6765
-- --------------------------------------------------------

/*!40101 SET @OLD_CHARACTER_SET_CLIENT=@@CHARACTER_SET_CLIENT */;
/*!40101 SET NAMES utf8 */;
/*!50503 SET NAMES utf8mb4 */;
/*!40103 SET @OLD_TIME_ZONE=@@TIME_ZONE */;
/*!40103 SET TIME_ZONE='+00:00' */;
/*!40014 SET @OLD_FOREIGN_KEY_CHECKS=@@FOREIGN_KEY_CHECKS, FOREIGN_KEY_CHECKS=0 */;
/*!40101 SET @OLD_SQL_MODE=@@SQL_MODE, SQL_MODE='NO_AUTO_VALUE_ON_ZERO' */;
/*!40111 SET @OLD_SQL_NOTES=@@SQL_NOTES, SQL_NOTES=0 */;


-- Volcando estructura de base de datos para reservalo
CREATE DATABASE IF NOT EXISTS `reservalo` /*!40100 DEFAULT CHARACTER SET utf8mb4 COLLATE utf8mb4_general_ci */;
USE `reservalo`;

-- Volcando estructura para tabla reservalo.categorias
CREATE TABLE IF NOT EXISTS `categorias` (
  `id_categoria` int(11) NOT NULL AUTO_INCREMENT,
  `nombre` varchar(30) NOT NULL,
  PRIMARY KEY (`id_categoria`)
) ENGINE=InnoDB AUTO_INCREMENT=5 DEFAULT CHARSET=utf8mb4 COLLATE=utf8mb4_general_ci;

-- Volcando datos para la tabla reservalo.categorias: ~4 rows (aproximadamente)
DELETE FROM `categorias`;
INSERT INTO `categorias` (`id_categoria`, `nombre`) VALUES
	(1, 'deportiva'),
	(2, 'cultural'),
	(3, 'ocio'),
	(4, 'otras');

-- Volcando estructura para tabla reservalo.comentarios
CREATE TABLE IF NOT EXISTS `comentarios` (
  `id_comentario` int(11) NOT NULL,
  `id_pista` int(11) NOT NULL,
  `id_usuario` int(11) NOT NULL,
  `comentario` varchar(120) NOT NULL,
  `fecha_comentario` date NOT NULL,
  KEY `fk_pistas_comentarios` (`id_pista`),
  KEY `fk_usuarios_comentarios` (`id_usuario`),
  CONSTRAINT `fk_pistas_comentarios` FOREIGN KEY (`id_pista`) REFERENCES `pistas` (`id_pista`) ON DELETE NO ACTION ON UPDATE CASCADE,
  CONSTRAINT `fk_usuarios_comentarios` FOREIGN KEY (`id_usuario`) REFERENCES `usuarios` (`id_usuario`) ON DELETE NO ACTION ON UPDATE CASCADE
) ENGINE=InnoDB DEFAULT CHARSET=utf8mb4 COLLATE=utf8mb4_general_ci;

-- Volcando datos para la tabla reservalo.comentarios: ~0 rows (aproximadamente)
DELETE FROM `comentarios`;

-- Volcando estructura para tabla reservalo.dias_semana
CREATE TABLE IF NOT EXISTS `dias_semana` (
  `id_dia_semana` int(11) NOT NULL AUTO_INCREMENT,
  `nombre` varchar(50) DEFAULT NULL,
  PRIMARY KEY (`id_dia_semana`)
) ENGINE=InnoDB AUTO_INCREMENT=8 DEFAULT CHARSET=utf8mb4 COLLATE=utf8mb4_general_ci;

-- Volcando datos para la tabla reservalo.dias_semana: ~7 rows (aproximadamente)
DELETE FROM `dias_semana`;
INSERT INTO `dias_semana` (`id_dia_semana`, `nombre`) VALUES
	(1, 'Lunes'),
	(2, 'Martes'),
	(3, 'Miércoles'),
	(4, 'Jueves'),
	(5, 'Viernes'),
	(6, 'Sábado'),
	(7, 'Domingo');

-- Volcando estructura para tabla reservalo.formas_pago
CREATE TABLE IF NOT EXISTS `formas_pago` (
  `id_forma_pago` int(11) NOT NULL AUTO_INCREMENT,
  `nombre` varchar(30) NOT NULL,
  PRIMARY KEY (`id_forma_pago`)
) ENGINE=InnoDB AUTO_INCREMENT=4 DEFAULT CHARSET=utf8mb4 COLLATE=utf8mb4_general_ci;

-- Volcando datos para la tabla reservalo.formas_pago: ~3 rows (aproximadamente)
DELETE FROM `formas_pago`;
INSERT INTO `formas_pago` (`id_forma_pago`, `nombre`) VALUES
	(1, 'tarjeta de credito'),
	(2, 'bizum'),
	(3, 'paypal');

-- Volcando estructura para tabla reservalo.horarios
CREATE TABLE IF NOT EXISTS `horarios` (
  `id_horario` int(11) NOT NULL AUTO_INCREMENT,
  `id_instalacion` int(11) NOT NULL DEFAULT 0,
  `nombre` varchar(50) NOT NULL DEFAULT '',
  `fecha_inicio` date NOT NULL,
  `fecha_final` date NOT NULL,
  PRIMARY KEY (`id_horario`),
  KEY `fh_instalacion_horarios_01` (`id_instalacion`),
  CONSTRAINT `fh_instalacion_horarios_01` FOREIGN KEY (`id_instalacion`) REFERENCES `instalaciones` (`id_instalacion`) ON DELETE NO ACTION ON UPDATE CASCADE
) ENGINE=InnoDB AUTO_INCREMENT=26 DEFAULT CHARSET=utf8mb4 COLLATE=utf8mb4_general_ci;

-- Volcando datos para la tabla reservalo.horarios: ~1 rows (aproximadamente)
DELETE FROM `horarios`;
INSERT INTO `horarios` (`id_horario`, `id_instalacion`, `nombre`, `fecha_inicio`, `fecha_final`) VALUES
	(24, 1, 'horario-Enero-Pabellon', '2024-01-02', '2024-01-31'),
	(25, 1, 'horario-pabellon-mayoJunio', '2024-05-02', '2024-06-30');

-- Volcando estructura para tabla reservalo.horas_pistas
CREATE TABLE IF NOT EXISTS `horas_pistas` (
  `id_hora_pista` int(11) NOT NULL AUTO_INCREMENT,
  `hora` time DEFAULT NULL,
  `fecha` date DEFAULT NULL,
  `puede_individual` tinyint(4) DEFAULT NULL,
  `completo` tinyint(4) DEFAULT NULL,
  `n_plazas_reservadas` int(11) DEFAULT NULL,
  `n_plazas_totales` int(11) DEFAULT NULL,
  `id_pista` int(11) DEFAULT NULL,
  `id_horario` int(11) DEFAULT NULL,
  `id_plantilla` int(11) DEFAULT NULL,
  PRIMARY KEY (`id_hora_pista`),
  KEY `fk_pista_horarioPista_01` (`id_pista`),
  KEY `fk_horas_pista_horario` (`id_horario`),
  KEY `fk_horas_pista_plantilla_01` (`id_plantilla`),
  CONSTRAINT `fk_horas_pista_horario` FOREIGN KEY (`id_horario`) REFERENCES `horarios` (`id_horario`) ON DELETE NO ACTION ON UPDATE CASCADE,
  CONSTRAINT `fk_horas_pista_plantilla_01` FOREIGN KEY (`id_plantilla`) REFERENCES `plantilla_horarios` (`id_plantilla`) ON DELETE NO ACTION ON UPDATE CASCADE,
  CONSTRAINT `fk_pista_horarioPista_01` FOREIGN KEY (`id_pista`) REFERENCES `pistas` (`id_pista`) ON DELETE NO ACTION ON UPDATE CASCADE
) ENGINE=InnoDB AUTO_INCREMENT=7669 DEFAULT CHARSET=utf8mb4 COLLATE=utf8mb4_general_ci;

-- Volcando datos para la tabla reservalo.horas_pistas: ~1.764 rows (aproximadamente)
DELETE FROM `horas_pistas`;
INSERT INTO `horas_pistas` (`id_hora_pista`, `hora`, `fecha`, `puede_individual`, `completo`, `n_plazas_reservadas`, `n_plazas_totales`, `id_pista`, `id_horario`, `id_plantilla`) VALUES
	(5851, '09:00:00', '2024-01-02', 1, 0, 0, 10, 1, 24, 9),
	(5852, '10:00:00', '2024-01-02', 1, 0, 0, 10, 1, 24, 9),
	(5853, '11:00:00', '2024-01-02', 1, 0, 0, 10, 1, 24, 9),
	(5854, '12:00:00', '2024-01-02', 1, 0, 0, 10, 1, 24, 9),
	(5855, '13:00:00', '2024-01-02', 1, 0, 0, 10, 1, 24, 9),
	(5856, '14:00:00', '2024-01-02', 1, 0, 0, 10, 1, 24, 9),
	(5857, '16:00:00', '2024-01-02', 1, 0, 0, 10, 1, 24, 9),
	(5858, '17:00:00', '2024-01-02', 1, 0, 0, 10, 1, 24, 9),
	(5859, '18:00:00', '2024-01-02', 1, 0, 0, 10, 1, 24, 9),
	(5860, '19:00:00', '2024-01-02', 1, 0, 0, 10, 1, 24, 9),
	(5861, '20:00:00', '2024-01-02', 1, 0, 0, 10, 1, 24, 9),
	(5862, '09:00:00', '2024-01-02', 1, 0, 0, 10, 2, 24, 9),
	(5863, '10:00:00', '2024-01-02', 1, 0, 0, 10, 2, 24, 9),
	(5864, '11:00:00', '2024-01-02', 1, 0, 0, 10, 2, 24, 9),
	(5865, '12:00:00', '2024-01-02', 1, 0, 0, 10, 2, 24, 9),
	(5866, '13:00:00', '2024-01-02', 1, 0, 0, 10, 2, 24, 9),
	(5867, '14:00:00', '2024-01-02', 1, 0, 0, 10, 2, 24, 9),
	(5868, '16:00:00', '2024-01-02', 1, 0, 0, 10, 2, 24, 9),
	(5869, '17:00:00', '2024-01-02', 1, 0, 0, 10, 2, 24, 9),
	(5870, '18:00:00', '2024-01-02', 1, 0, 0, 10, 2, 24, 9),
	(5871, '19:00:00', '2024-01-02', 1, 0, 0, 10, 2, 24, 9),
	(5872, '20:00:00', '2024-01-02', 1, 0, 0, 10, 2, 24, 9),
	(5873, '09:00:00', '2024-01-03', 1, 0, 0, 10, 1, 24, 10),
	(5874, '10:00:00', '2024-01-03', 1, 0, 0, 10, 1, 24, 10),
	(5875, '11:00:00', '2024-01-03', 1, 0, 0, 10, 1, 24, 10),
	(5876, '12:00:00', '2024-01-03', 1, 0, 0, 10, 1, 24, 10),
	(5877, '13:00:00', '2024-01-03', 1, 0, 0, 10, 1, 24, 10),
	(5878, '14:00:00', '2024-01-03', 1, 0, 0, 10, 1, 24, 10),
	(5879, '16:00:00', '2024-01-03', 1, 0, 0, 10, 1, 24, 10),
	(5880, '17:00:00', '2024-01-03', 1, 0, 0, 10, 1, 24, 10),
	(5881, '18:00:00', '2024-01-03', 1, 0, 0, 10, 1, 24, 10),
	(5882, '19:00:00', '2024-01-03', 1, 0, 0, 10, 1, 24, 10),
	(5883, '20:00:00', '2024-01-03', 1, 0, 0, 10, 1, 24, 10),
	(5884, '09:00:00', '2024-01-03', 1, 0, 0, 10, 2, 24, 10),
	(5885, '10:00:00', '2024-01-03', 1, 0, 0, 10, 2, 24, 10),
	(5886, '11:00:00', '2024-01-03', 1, 0, 0, 10, 2, 24, 10),
	(5887, '12:00:00', '2024-01-03', 1, 0, 0, 10, 2, 24, 10),
	(5888, '13:00:00', '2024-01-03', 1, 0, 0, 10, 2, 24, 10),
	(5889, '14:00:00', '2024-01-03', 1, 0, 0, 10, 2, 24, 10),
	(5890, '16:00:00', '2024-01-03', 1, 0, 0, 10, 2, 24, 10),
	(5891, '17:00:00', '2024-01-03', 1, 0, 0, 10, 2, 24, 10),
	(5892, '18:00:00', '2024-01-03', 1, 0, 0, 10, 2, 24, 10),
	(5893, '19:00:00', '2024-01-03', 1, 0, 0, 10, 2, 24, 10),
	(5894, '20:00:00', '2024-01-03', 1, 0, 0, 10, 2, 24, 10),
	(5895, '09:00:00', '2024-01-04', 1, 0, 0, 10, 1, 24, 11),
	(5896, '10:00:00', '2024-01-04', 1, 0, 0, 10, 1, 24, 11),
	(5897, '11:00:00', '2024-01-04', 1, 0, 0, 10, 1, 24, 11),
	(5898, '12:00:00', '2024-01-04', 1, 0, 0, 10, 1, 24, 11),
	(5899, '13:00:00', '2024-01-04', 1, 0, 0, 10, 1, 24, 11),
	(5900, '14:00:00', '2024-01-04', 1, 0, 0, 10, 1, 24, 11),
	(5901, '16:00:00', '2024-01-04', 1, 0, 0, 10, 1, 24, 11),
	(5902, '17:00:00', '2024-01-04', 1, 0, 0, 10, 1, 24, 11),
	(5903, '18:00:00', '2024-01-04', 1, 0, 0, 10, 1, 24, 11),
	(5904, '19:00:00', '2024-01-04', 1, 0, 0, 10, 1, 24, 11),
	(5905, '20:00:00', '2024-01-04', 1, 0, 0, 10, 1, 24, 11),
	(5906, '09:00:00', '2024-01-04', 1, 0, 0, 10, 2, 24, 11),
	(5907, '10:00:00', '2024-01-04', 1, 0, 0, 10, 2, 24, 11),
	(5908, '11:00:00', '2024-01-04', 1, 0, 0, 10, 2, 24, 11),
	(5909, '12:00:00', '2024-01-04', 1, 0, 0, 10, 2, 24, 11),
	(5910, '13:00:00', '2024-01-04', 1, 0, 0, 10, 2, 24, 11),
	(5911, '14:00:00', '2024-01-04', 1, 0, 0, 10, 2, 24, 11),
	(5912, '16:00:00', '2024-01-04', 1, 0, 0, 10, 2, 24, 11),
	(5913, '17:00:00', '2024-01-04', 1, 0, 0, 10, 2, 24, 11),
	(5914, '18:00:00', '2024-01-04', 1, 0, 0, 10, 2, 24, 11),
	(5915, '19:00:00', '2024-01-04', 1, 0, 0, 10, 2, 24, 11),
	(5916, '20:00:00', '2024-01-04', 1, 0, 0, 10, 2, 24, 11),
	(5917, '09:00:00', '2024-01-05', 1, 0, 0, 10, 1, 24, 12),
	(5918, '10:00:00', '2024-01-05', 1, 0, 0, 10, 1, 24, 12),
	(5919, '11:00:00', '2024-01-05', 1, 0, 0, 10, 1, 24, 12),
	(5920, '12:00:00', '2024-01-05', 1, 0, 0, 10, 1, 24, 12),
	(5921, '13:00:00', '2024-01-05', 1, 0, 0, 10, 1, 24, 12),
	(5922, '14:00:00', '2024-01-05', 1, 0, 0, 10, 1, 24, 12),
	(5923, '16:00:00', '2024-01-05', 1, 0, 0, 10, 1, 24, 12),
	(5924, '17:00:00', '2024-01-05', 1, 0, 0, 10, 1, 24, 12),
	(5925, '18:00:00', '2024-01-05', 1, 0, 0, 10, 1, 24, 12),
	(5926, '19:00:00', '2024-01-05', 1, 0, 0, 10, 1, 24, 12),
	(5927, '20:00:00', '2024-01-05', 1, 0, 0, 10, 1, 24, 12),
	(5928, '09:00:00', '2024-01-05', 1, 0, 0, 10, 2, 24, 12),
	(5929, '10:00:00', '2024-01-05', 1, 0, 0, 10, 2, 24, 12),
	(5930, '11:00:00', '2024-01-05', 1, 0, 0, 10, 2, 24, 12),
	(5931, '12:00:00', '2024-01-05', 1, 0, 0, 10, 2, 24, 12),
	(5932, '13:00:00', '2024-01-05', 1, 0, 0, 10, 2, 24, 12),
	(5933, '14:00:00', '2024-01-05', 1, 0, 0, 10, 2, 24, 12),
	(5934, '16:00:00', '2024-01-05', 1, 0, 0, 10, 2, 24, 12),
	(5935, '17:00:00', '2024-01-05', 1, 0, 0, 10, 2, 24, 12),
	(5936, '18:00:00', '2024-01-05', 1, 0, 0, 10, 2, 24, 12),
	(5937, '19:00:00', '2024-01-05', 1, 0, 0, 10, 2, 24, 12),
	(5938, '20:00:00', '2024-01-05', 1, 0, 0, 10, 2, 24, 12),
	(5939, '09:00:00', '2024-01-06', 1, 0, 0, 10, 1, 24, 13),
	(5940, '10:00:00', '2024-01-06', 1, 0, 0, 10, 1, 24, 13),
	(5941, '11:00:00', '2024-01-06', 1, 0, 0, 10, 1, 24, 13),
	(5942, '12:00:00', '2024-01-06', 1, 0, 0, 10, 1, 24, 13),
	(5943, '13:00:00', '2024-01-06', 1, 0, 0, 10, 1, 24, 13),
	(5944, '17:00:00', '2024-01-06', 1, 0, 0, 10, 1, 24, 13),
	(5945, '18:00:00', '2024-01-06', 1, 0, 0, 10, 1, 24, 13),
	(5946, '19:00:00', '2024-01-06', 1, 0, 0, 10, 1, 24, 13),
	(5947, '09:00:00', '2024-01-06', 1, 0, 0, 10, 2, 24, 13),
	(5948, '10:00:00', '2024-01-06', 1, 0, 0, 10, 2, 24, 13),
	(5949, '11:00:00', '2024-01-06', 1, 0, 0, 10, 2, 24, 13),
	(5950, '12:00:00', '2024-01-06', 1, 0, 0, 10, 2, 24, 13),
	(5951, '13:00:00', '2024-01-06', 1, 0, 0, 10, 2, 24, 13),
	(5952, '17:00:00', '2024-01-06', 1, 0, 0, 10, 2, 24, 13),
	(5953, '18:00:00', '2024-01-06', 1, 0, 0, 10, 2, 24, 13),
	(5954, '19:00:00', '2024-01-06', 1, 0, 0, 10, 2, 24, 13),
	(5955, '09:00:00', '2024-01-07', 1, 0, 0, 10, 1, 24, 14),
	(5956, '10:00:00', '2024-01-07', 1, 0, 0, 10, 1, 24, 14),
	(5957, '11:00:00', '2024-01-07', 1, 0, 0, 10, 1, 24, 14),
	(5958, '12:00:00', '2024-01-07', 1, 0, 0, 10, 1, 24, 14),
	(5959, '13:00:00', '2024-01-07', 1, 0, 0, 10, 1, 24, 14),
	(5960, '00:00:00', '2024-01-07', 1, 0, 0, 10, 1, 24, 14),
	(5961, '09:00:00', '2024-01-07', 1, 0, 0, 10, 2, 24, 14),
	(5962, '10:00:00', '2024-01-07', 1, 0, 0, 10, 2, 24, 14),
	(5963, '11:00:00', '2024-01-07', 1, 0, 0, 10, 2, 24, 14),
	(5964, '12:00:00', '2024-01-07', 1, 0, 0, 10, 2, 24, 14),
	(5965, '13:00:00', '2024-01-07', 1, 0, 0, 10, 2, 24, 14),
	(5966, '00:00:00', '2024-01-07', 1, 0, 0, 10, 2, 24, 14),
	(5967, '09:00:00', '2024-01-08', 1, 0, 0, 10, 1, 24, 8),
	(5968, '10:00:00', '2024-01-08', 1, 0, 0, 10, 1, 24, 8),
	(5969, '11:00:00', '2024-01-08', 1, 0, 0, 10, 1, 24, 8),
	(5970, '12:00:00', '2024-01-08', 1, 0, 0, 10, 1, 24, 8),
	(5971, '13:00:00', '2024-01-08', 1, 0, 0, 10, 1, 24, 8),
	(5972, '14:00:00', '2024-01-08', 1, 0, 0, 10, 1, 24, 8),
	(5973, '16:00:00', '2024-01-08', 1, 0, 0, 10, 1, 24, 8),
	(5974, '17:00:00', '2024-01-08', 1, 0, 0, 10, 1, 24, 8),
	(5975, '18:00:00', '2024-01-08', 1, 0, 0, 10, 1, 24, 8),
	(5976, '19:00:00', '2024-01-08', 1, 0, 0, 10, 1, 24, 8),
	(5977, '20:00:00', '2024-01-08', 1, 0, 0, 10, 1, 24, 8),
	(5978, '09:00:00', '2024-01-08', 1, 0, 0, 10, 2, 24, 8),
	(5979, '10:00:00', '2024-01-08', 1, 0, 0, 10, 2, 24, 8),
	(5980, '11:00:00', '2024-01-08', 1, 0, 0, 10, 2, 24, 8),
	(5981, '12:00:00', '2024-01-08', 1, 0, 0, 10, 2, 24, 8),
	(5982, '13:00:00', '2024-01-08', 1, 0, 0, 10, 2, 24, 8),
	(5983, '14:00:00', '2024-01-08', 1, 0, 0, 10, 2, 24, 8),
	(5984, '16:00:00', '2024-01-08', 1, 0, 0, 10, 2, 24, 8),
	(5985, '17:00:00', '2024-01-08', 1, 0, 0, 10, 2, 24, 8),
	(5986, '18:00:00', '2024-01-08', 1, 0, 0, 10, 2, 24, 8),
	(5987, '19:00:00', '2024-01-08', 1, 0, 0, 10, 2, 24, 8),
	(5988, '20:00:00', '2024-01-08', 1, 0, 0, 10, 2, 24, 8),
	(5989, '09:00:00', '2024-01-09', 1, 0, 0, 10, 1, 24, 9),
	(5990, '10:00:00', '2024-01-09', 1, 0, 0, 10, 1, 24, 9),
	(5991, '11:00:00', '2024-01-09', 1, 0, 0, 10, 1, 24, 9),
	(5992, '12:00:00', '2024-01-09', 1, 0, 0, 10, 1, 24, 9),
	(5993, '13:00:00', '2024-01-09', 1, 0, 0, 10, 1, 24, 9),
	(5994, '14:00:00', '2024-01-09', 1, 0, 0, 10, 1, 24, 9),
	(5995, '16:00:00', '2024-01-09', 1, 0, 0, 10, 1, 24, 9),
	(5996, '17:00:00', '2024-01-09', 1, 0, 0, 10, 1, 24, 9),
	(5997, '18:00:00', '2024-01-09', 1, 0, 0, 10, 1, 24, 9),
	(5998, '19:00:00', '2024-01-09', 1, 0, 0, 10, 1, 24, 9),
	(5999, '20:00:00', '2024-01-09', 1, 0, 0, 10, 1, 24, 9),
	(6000, '09:00:00', '2024-01-09', 1, 0, 0, 10, 2, 24, 9),
	(6001, '10:00:00', '2024-01-09', 1, 0, 0, 10, 2, 24, 9),
	(6002, '11:00:00', '2024-01-09', 1, 0, 0, 10, 2, 24, 9),
	(6003, '12:00:00', '2024-01-09', 1, 0, 0, 10, 2, 24, 9),
	(6004, '13:00:00', '2024-01-09', 1, 0, 0, 10, 2, 24, 9),
	(6005, '14:00:00', '2024-01-09', 1, 0, 0, 10, 2, 24, 9),
	(6006, '16:00:00', '2024-01-09', 1, 0, 0, 10, 2, 24, 9),
	(6007, '17:00:00', '2024-01-09', 1, 0, 0, 10, 2, 24, 9),
	(6008, '18:00:00', '2024-01-09', 1, 0, 0, 10, 2, 24, 9),
	(6009, '19:00:00', '2024-01-09', 1, 0, 0, 10, 2, 24, 9),
	(6010, '20:00:00', '2024-01-09', 1, 0, 0, 10, 2, 24, 9),
	(6011, '09:00:00', '2024-01-10', 1, 0, 0, 10, 1, 24, 10),
	(6012, '10:00:00', '2024-01-10', 1, 0, 0, 10, 1, 24, 10),
	(6013, '11:00:00', '2024-01-10', 1, 0, 0, 10, 1, 24, 10),
	(6014, '12:00:00', '2024-01-10', 1, 0, 0, 10, 1, 24, 10),
	(6015, '13:00:00', '2024-01-10', 1, 0, 0, 10, 1, 24, 10),
	(6016, '14:00:00', '2024-01-10', 1, 0, 0, 10, 1, 24, 10),
	(6017, '16:00:00', '2024-01-10', 1, 0, 0, 10, 1, 24, 10),
	(6018, '17:00:00', '2024-01-10', 1, 0, 0, 10, 1, 24, 10),
	(6019, '18:00:00', '2024-01-10', 1, 0, 0, 10, 1, 24, 10),
	(6020, '19:00:00', '2024-01-10', 1, 0, 0, 10, 1, 24, 10),
	(6021, '20:00:00', '2024-01-10', 1, 0, 0, 10, 1, 24, 10),
	(6022, '09:00:00', '2024-01-10', 1, 0, 0, 10, 2, 24, 10),
	(6023, '10:00:00', '2024-01-10', 1, 0, 0, 10, 2, 24, 10),
	(6024, '11:00:00', '2024-01-10', 1, 0, 0, 10, 2, 24, 10),
	(6025, '12:00:00', '2024-01-10', 1, 0, 0, 10, 2, 24, 10),
	(6026, '13:00:00', '2024-01-10', 1, 0, 0, 10, 2, 24, 10),
	(6027, '14:00:00', '2024-01-10', 1, 0, 0, 10, 2, 24, 10),
	(6028, '16:00:00', '2024-01-10', 1, 0, 0, 10, 2, 24, 10),
	(6029, '17:00:00', '2024-01-10', 1, 0, 0, 10, 2, 24, 10),
	(6030, '18:00:00', '2024-01-10', 1, 0, 0, 10, 2, 24, 10),
	(6031, '19:00:00', '2024-01-10', 1, 0, 0, 10, 2, 24, 10),
	(6032, '20:00:00', '2024-01-10', 1, 0, 0, 10, 2, 24, 10),
	(6033, '09:00:00', '2024-01-11', 1, 0, 0, 10, 1, 24, 11),
	(6034, '10:00:00', '2024-01-11', 1, 0, 0, 10, 1, 24, 11),
	(6035, '11:00:00', '2024-01-11', 1, 0, 0, 10, 1, 24, 11),
	(6036, '12:00:00', '2024-01-11', 1, 0, 0, 10, 1, 24, 11),
	(6037, '13:00:00', '2024-01-11', 1, 0, 0, 10, 1, 24, 11),
	(6038, '14:00:00', '2024-01-11', 1, 0, 0, 10, 1, 24, 11),
	(6039, '16:00:00', '2024-01-11', 1, 0, 0, 10, 1, 24, 11),
	(6040, '17:00:00', '2024-01-11', 1, 0, 0, 10, 1, 24, 11),
	(6041, '18:00:00', '2024-01-11', 1, 0, 0, 10, 1, 24, 11),
	(6042, '19:00:00', '2024-01-11', 1, 0, 0, 10, 1, 24, 11),
	(6043, '20:00:00', '2024-01-11', 1, 0, 0, 10, 1, 24, 11),
	(6044, '09:00:00', '2024-01-11', 1, 0, 0, 10, 2, 24, 11),
	(6045, '10:00:00', '2024-01-11', 1, 0, 0, 10, 2, 24, 11),
	(6046, '11:00:00', '2024-01-11', 1, 0, 0, 10, 2, 24, 11),
	(6047, '12:00:00', '2024-01-11', 1, 0, 0, 10, 2, 24, 11),
	(6048, '13:00:00', '2024-01-11', 1, 0, 0, 10, 2, 24, 11),
	(6049, '14:00:00', '2024-01-11', 1, 0, 0, 10, 2, 24, 11),
	(6050, '16:00:00', '2024-01-11', 1, 0, 0, 10, 2, 24, 11),
	(6051, '17:00:00', '2024-01-11', 1, 0, 0, 10, 2, 24, 11),
	(6052, '18:00:00', '2024-01-11', 1, 0, 0, 10, 2, 24, 11),
	(6053, '19:00:00', '2024-01-11', 1, 0, 0, 10, 2, 24, 11),
	(6054, '20:00:00', '2024-01-11', 1, 0, 0, 10, 2, 24, 11),
	(6055, '09:00:00', '2024-01-12', 1, 0, 0, 10, 1, 24, 12),
	(6056, '10:00:00', '2024-01-12', 1, 0, 0, 10, 1, 24, 12),
	(6057, '11:00:00', '2024-01-12', 1, 0, 0, 10, 1, 24, 12),
	(6058, '12:00:00', '2024-01-12', 1, 0, 0, 10, 1, 24, 12),
	(6059, '13:00:00', '2024-01-12', 1, 0, 0, 10, 1, 24, 12),
	(6060, '14:00:00', '2024-01-12', 1, 0, 0, 10, 1, 24, 12),
	(6061, '16:00:00', '2024-01-12', 1, 0, 0, 10, 1, 24, 12),
	(6062, '17:00:00', '2024-01-12', 1, 0, 0, 10, 1, 24, 12),
	(6063, '18:00:00', '2024-01-12', 1, 0, 0, 10, 1, 24, 12),
	(6064, '19:00:00', '2024-01-12', 1, 0, 0, 10, 1, 24, 12),
	(6065, '20:00:00', '2024-01-12', 1, 0, 0, 10, 1, 24, 12),
	(6066, '09:00:00', '2024-01-12', 1, 0, 0, 10, 2, 24, 12),
	(6067, '10:00:00', '2024-01-12', 1, 0, 0, 10, 2, 24, 12),
	(6068, '11:00:00', '2024-01-12', 1, 0, 0, 10, 2, 24, 12),
	(6069, '12:00:00', '2024-01-12', 1, 0, 0, 10, 2, 24, 12),
	(6070, '13:00:00', '2024-01-12', 1, 0, 0, 10, 2, 24, 12),
	(6071, '14:00:00', '2024-01-12', 1, 0, 0, 10, 2, 24, 12),
	(6072, '16:00:00', '2024-01-12', 1, 0, 0, 10, 2, 24, 12),
	(6073, '17:00:00', '2024-01-12', 1, 0, 0, 10, 2, 24, 12),
	(6074, '18:00:00', '2024-01-12', 1, 0, 0, 10, 2, 24, 12),
	(6075, '19:00:00', '2024-01-12', 1, 0, 0, 10, 2, 24, 12),
	(6076, '20:00:00', '2024-01-12', 1, 0, 0, 10, 2, 24, 12),
	(6077, '09:00:00', '2024-01-13', 1, 0, 0, 10, 1, 24, 13),
	(6078, '10:00:00', '2024-01-13', 1, 0, 0, 10, 1, 24, 13),
	(6079, '11:00:00', '2024-01-13', 1, 0, 0, 10, 1, 24, 13),
	(6080, '12:00:00', '2024-01-13', 1, 0, 0, 10, 1, 24, 13),
	(6081, '13:00:00', '2024-01-13', 1, 0, 0, 10, 1, 24, 13),
	(6082, '17:00:00', '2024-01-13', 1, 0, 0, 10, 1, 24, 13),
	(6083, '18:00:00', '2024-01-13', 1, 0, 0, 10, 1, 24, 13),
	(6084, '19:00:00', '2024-01-13', 1, 0, 0, 10, 1, 24, 13),
	(6085, '09:00:00', '2024-01-13', 1, 0, 0, 10, 2, 24, 13),
	(6086, '10:00:00', '2024-01-13', 1, 0, 0, 10, 2, 24, 13),
	(6087, '11:00:00', '2024-01-13', 1, 0, 0, 10, 2, 24, 13),
	(6088, '12:00:00', '2024-01-13', 1, 0, 0, 10, 2, 24, 13),
	(6089, '13:00:00', '2024-01-13', 1, 0, 0, 10, 2, 24, 13),
	(6090, '17:00:00', '2024-01-13', 1, 0, 0, 10, 2, 24, 13),
	(6091, '18:00:00', '2024-01-13', 1, 0, 0, 10, 2, 24, 13),
	(6092, '19:00:00', '2024-01-13', 1, 0, 0, 10, 2, 24, 13),
	(6093, '09:00:00', '2024-01-14', 1, 0, 0, 10, 1, 24, 14),
	(6094, '10:00:00', '2024-01-14', 1, 0, 0, 10, 1, 24, 14),
	(6095, '11:00:00', '2024-01-14', 1, 0, 0, 10, 1, 24, 14),
	(6096, '12:00:00', '2024-01-14', 1, 0, 0, 10, 1, 24, 14),
	(6097, '13:00:00', '2024-01-14', 1, 0, 0, 10, 1, 24, 14),
	(6098, '00:00:00', '2024-01-14', 1, 0, 0, 10, 1, 24, 14),
	(6099, '09:00:00', '2024-01-14', 1, 0, 0, 10, 2, 24, 14),
	(6100, '10:00:00', '2024-01-14', 1, 0, 0, 10, 2, 24, 14),
	(6101, '11:00:00', '2024-01-14', 1, 0, 0, 10, 2, 24, 14),
	(6102, '12:00:00', '2024-01-14', 1, 0, 0, 10, 2, 24, 14),
	(6103, '13:00:00', '2024-01-14', 1, 0, 0, 10, 2, 24, 14),
	(6104, '00:00:00', '2024-01-14', 1, 0, 0, 10, 2, 24, 14),
	(6105, '09:00:00', '2024-01-15', 1, 0, 0, 10, 1, 24, 8),
	(6106, '10:00:00', '2024-01-15', 1, 0, 0, 10, 1, 24, 8),
	(6107, '11:00:00', '2024-01-15', 1, 0, 0, 10, 1, 24, 8),
	(6108, '12:00:00', '2024-01-15', 1, 0, 0, 10, 1, 24, 8),
	(6109, '13:00:00', '2024-01-15', 1, 0, 0, 10, 1, 24, 8),
	(6110, '14:00:00', '2024-01-15', 1, 0, 0, 10, 1, 24, 8),
	(6111, '16:00:00', '2024-01-15', 1, 0, 0, 10, 1, 24, 8),
	(6112, '17:00:00', '2024-01-15', 1, 0, 0, 10, 1, 24, 8),
	(6113, '18:00:00', '2024-01-15', 1, 0, 0, 10, 1, 24, 8),
	(6114, '19:00:00', '2024-01-15', 1, 0, 0, 10, 1, 24, 8),
	(6115, '20:00:00', '2024-01-15', 1, 0, 0, 10, 1, 24, 8),
	(6116, '09:00:00', '2024-01-15', 1, 0, 0, 10, 2, 24, 8),
	(6117, '10:00:00', '2024-01-15', 1, 0, 0, 10, 2, 24, 8),
	(6118, '11:00:00', '2024-01-15', 1, 0, 0, 10, 2, 24, 8),
	(6119, '12:00:00', '2024-01-15', 1, 0, 0, 10, 2, 24, 8),
	(6120, '13:00:00', '2024-01-15', 1, 0, 0, 10, 2, 24, 8),
	(6121, '14:00:00', '2024-01-15', 1, 0, 0, 10, 2, 24, 8),
	(6122, '16:00:00', '2024-01-15', 1, 0, 0, 10, 2, 24, 8),
	(6123, '17:00:00', '2024-01-15', 1, 0, 0, 10, 2, 24, 8),
	(6124, '18:00:00', '2024-01-15', 1, 0, 0, 10, 2, 24, 8),
	(6125, '19:00:00', '2024-01-15', 1, 0, 0, 10, 2, 24, 8),
	(6126, '20:00:00', '2024-01-15', 1, 0, 0, 10, 2, 24, 8),
	(6127, '09:00:00', '2024-01-16', 1, 0, 0, 10, 1, 24, 9),
	(6128, '10:00:00', '2024-01-16', 1, 0, 0, 10, 1, 24, 9),
	(6129, '11:00:00', '2024-01-16', 1, 0, 0, 10, 1, 24, 9),
	(6130, '12:00:00', '2024-01-16', 1, 0, 0, 10, 1, 24, 9),
	(6131, '13:00:00', '2024-01-16', 1, 0, 0, 10, 1, 24, 9),
	(6132, '14:00:00', '2024-01-16', 1, 0, 0, 10, 1, 24, 9),
	(6133, '16:00:00', '2024-01-16', 1, 0, 0, 10, 1, 24, 9),
	(6134, '17:00:00', '2024-01-16', 1, 0, 0, 10, 1, 24, 9),
	(6135, '18:00:00', '2024-01-16', 1, 0, 0, 10, 1, 24, 9),
	(6136, '19:00:00', '2024-01-16', 1, 0, 0, 10, 1, 24, 9),
	(6137, '20:00:00', '2024-01-16', 1, 0, 0, 10, 1, 24, 9),
	(6138, '09:00:00', '2024-01-16', 1, 0, 0, 10, 2, 24, 9),
	(6139, '10:00:00', '2024-01-16', 1, 0, 0, 10, 2, 24, 9),
	(6140, '11:00:00', '2024-01-16', 1, 0, 0, 10, 2, 24, 9),
	(6141, '12:00:00', '2024-01-16', 1, 0, 0, 10, 2, 24, 9),
	(6142, '13:00:00', '2024-01-16', 1, 0, 0, 10, 2, 24, 9),
	(6143, '14:00:00', '2024-01-16', 1, 0, 0, 10, 2, 24, 9),
	(6144, '16:00:00', '2024-01-16', 1, 0, 0, 10, 2, 24, 9),
	(6145, '17:00:00', '2024-01-16', 1, 0, 0, 10, 2, 24, 9),
	(6146, '18:00:00', '2024-01-16', 1, 0, 0, 10, 2, 24, 9),
	(6147, '19:00:00', '2024-01-16', 1, 0, 0, 10, 2, 24, 9),
	(6148, '20:00:00', '2024-01-16', 1, 0, 0, 10, 2, 24, 9),
	(6149, '09:00:00', '2024-01-17', 1, 0, 0, 10, 1, 24, 10),
	(6150, '10:00:00', '2024-01-17', 1, 0, 0, 10, 1, 24, 10),
	(6151, '11:00:00', '2024-01-17', 1, 0, 0, 10, 1, 24, 10),
	(6152, '12:00:00', '2024-01-17', 1, 0, 0, 10, 1, 24, 10),
	(6153, '13:00:00', '2024-01-17', 1, 0, 0, 10, 1, 24, 10),
	(6154, '14:00:00', '2024-01-17', 1, 0, 0, 10, 1, 24, 10),
	(6155, '16:00:00', '2024-01-17', 1, 0, 0, 10, 1, 24, 10),
	(6156, '17:00:00', '2024-01-17', 1, 0, 0, 10, 1, 24, 10),
	(6157, '18:00:00', '2024-01-17', 1, 0, 0, 10, 1, 24, 10),
	(6158, '19:00:00', '2024-01-17', 1, 0, 0, 10, 1, 24, 10),
	(6159, '20:00:00', '2024-01-17', 1, 0, 0, 10, 1, 24, 10),
	(6160, '09:00:00', '2024-01-17', 1, 0, 0, 10, 2, 24, 10),
	(6161, '10:00:00', '2024-01-17', 1, 0, 0, 10, 2, 24, 10),
	(6162, '11:00:00', '2024-01-17', 1, 0, 0, 10, 2, 24, 10),
	(6163, '12:00:00', '2024-01-17', 1, 0, 0, 10, 2, 24, 10),
	(6164, '13:00:00', '2024-01-17', 1, 0, 0, 10, 2, 24, 10),
	(6165, '14:00:00', '2024-01-17', 1, 0, 0, 10, 2, 24, 10),
	(6166, '16:00:00', '2024-01-17', 1, 0, 0, 10, 2, 24, 10),
	(6167, '17:00:00', '2024-01-17', 1, 0, 0, 10, 2, 24, 10),
	(6168, '18:00:00', '2024-01-17', 1, 0, 0, 10, 2, 24, 10),
	(6169, '19:00:00', '2024-01-17', 1, 0, 0, 10, 2, 24, 10),
	(6170, '20:00:00', '2024-01-17', 1, 0, 0, 10, 2, 24, 10),
	(6171, '09:00:00', '2024-01-18', 1, 0, 0, 10, 1, 24, 11),
	(6172, '10:00:00', '2024-01-18', 1, 0, 0, 10, 1, 24, 11),
	(6173, '11:00:00', '2024-01-18', 1, 0, 0, 10, 1, 24, 11),
	(6174, '12:00:00', '2024-01-18', 1, 0, 0, 10, 1, 24, 11),
	(6175, '13:00:00', '2024-01-18', 1, 0, 0, 10, 1, 24, 11),
	(6176, '14:00:00', '2024-01-18', 1, 0, 0, 10, 1, 24, 11),
	(6177, '16:00:00', '2024-01-18', 1, 0, 0, 10, 1, 24, 11),
	(6178, '17:00:00', '2024-01-18', 1, 0, 0, 10, 1, 24, 11),
	(6179, '18:00:00', '2024-01-18', 1, 0, 0, 10, 1, 24, 11),
	(6180, '19:00:00', '2024-01-18', 1, 0, 0, 10, 1, 24, 11),
	(6181, '20:00:00', '2024-01-18', 1, 0, 0, 10, 1, 24, 11),
	(6182, '09:00:00', '2024-01-18', 1, 0, 0, 10, 2, 24, 11),
	(6183, '10:00:00', '2024-01-18', 1, 0, 0, 10, 2, 24, 11),
	(6184, '11:00:00', '2024-01-18', 1, 0, 0, 10, 2, 24, 11),
	(6185, '12:00:00', '2024-01-18', 1, 0, 0, 10, 2, 24, 11),
	(6186, '13:00:00', '2024-01-18', 1, 0, 0, 10, 2, 24, 11),
	(6187, '14:00:00', '2024-01-18', 1, 0, 0, 10, 2, 24, 11),
	(6188, '16:00:00', '2024-01-18', 1, 0, 0, 10, 2, 24, 11),
	(6189, '17:00:00', '2024-01-18', 1, 0, 0, 10, 2, 24, 11),
	(6190, '18:00:00', '2024-01-18', 1, 0, 0, 10, 2, 24, 11),
	(6191, '19:00:00', '2024-01-18', 1, 0, 0, 10, 2, 24, 11),
	(6192, '20:00:00', '2024-01-18', 1, 0, 0, 10, 2, 24, 11),
	(6193, '09:00:00', '2024-01-19', 1, 0, 0, 10, 1, 24, 12),
	(6194, '10:00:00', '2024-01-19', 1, 0, 0, 10, 1, 24, 12),
	(6195, '11:00:00', '2024-01-19', 1, 0, 0, 10, 1, 24, 12),
	(6196, '12:00:00', '2024-01-19', 1, 0, 0, 10, 1, 24, 12),
	(6197, '13:00:00', '2024-01-19', 1, 0, 0, 10, 1, 24, 12),
	(6198, '14:00:00', '2024-01-19', 1, 0, 0, 10, 1, 24, 12),
	(6199, '16:00:00', '2024-01-19', 1, 0, 0, 10, 1, 24, 12),
	(6200, '17:00:00', '2024-01-19', 1, 0, 0, 10, 1, 24, 12),
	(6201, '18:00:00', '2024-01-19', 1, 0, 0, 10, 1, 24, 12),
	(6202, '19:00:00', '2024-01-19', 1, 0, 0, 10, 1, 24, 12),
	(6203, '20:00:00', '2024-01-19', 1, 0, 0, 10, 1, 24, 12),
	(6204, '09:00:00', '2024-01-19', 1, 0, 0, 10, 2, 24, 12),
	(6205, '10:00:00', '2024-01-19', 1, 0, 0, 10, 2, 24, 12),
	(6206, '11:00:00', '2024-01-19', 1, 0, 0, 10, 2, 24, 12),
	(6207, '12:00:00', '2024-01-19', 1, 0, 0, 10, 2, 24, 12),
	(6208, '13:00:00', '2024-01-19', 1, 0, 0, 10, 2, 24, 12),
	(6209, '14:00:00', '2024-01-19', 1, 0, 0, 10, 2, 24, 12),
	(6210, '16:00:00', '2024-01-19', 1, 0, 0, 10, 2, 24, 12),
	(6211, '17:00:00', '2024-01-19', 1, 0, 0, 10, 2, 24, 12),
	(6212, '18:00:00', '2024-01-19', 1, 0, 0, 10, 2, 24, 12),
	(6213, '19:00:00', '2024-01-19', 1, 0, 0, 10, 2, 24, 12),
	(6214, '20:00:00', '2024-01-19', 1, 0, 0, 10, 2, 24, 12),
	(6215, '09:00:00', '2024-01-20', 1, 0, 0, 10, 1, 24, 13),
	(6216, '10:00:00', '2024-01-20', 1, 0, 0, 10, 1, 24, 13),
	(6217, '11:00:00', '2024-01-20', 1, 0, 0, 10, 1, 24, 13),
	(6218, '12:00:00', '2024-01-20', 1, 0, 0, 10, 1, 24, 13),
	(6219, '13:00:00', '2024-01-20', 1, 0, 0, 10, 1, 24, 13),
	(6220, '17:00:00', '2024-01-20', 1, 0, 0, 10, 1, 24, 13),
	(6221, '18:00:00', '2024-01-20', 1, 0, 0, 10, 1, 24, 13),
	(6222, '19:00:00', '2024-01-20', 1, 0, 0, 10, 1, 24, 13),
	(6223, '09:00:00', '2024-01-20', 1, 0, 0, 10, 2, 24, 13),
	(6224, '10:00:00', '2024-01-20', 1, 0, 0, 10, 2, 24, 13),
	(6225, '11:00:00', '2024-01-20', 1, 0, 0, 10, 2, 24, 13),
	(6226, '12:00:00', '2024-01-20', 1, 0, 0, 10, 2, 24, 13),
	(6227, '13:00:00', '2024-01-20', 1, 0, 0, 10, 2, 24, 13),
	(6228, '17:00:00', '2024-01-20', 1, 0, 0, 10, 2, 24, 13),
	(6229, '18:00:00', '2024-01-20', 1, 0, 0, 10, 2, 24, 13),
	(6230, '19:00:00', '2024-01-20', 1, 0, 0, 10, 2, 24, 13),
	(6231, '09:00:00', '2024-01-21', 1, 0, 0, 10, 1, 24, 14),
	(6232, '10:00:00', '2024-01-21', 1, 0, 0, 10, 1, 24, 14),
	(6233, '11:00:00', '2024-01-21', 1, 0, 0, 10, 1, 24, 14),
	(6234, '12:00:00', '2024-01-21', 1, 0, 0, 10, 1, 24, 14),
	(6235, '13:00:00', '2024-01-21', 1, 0, 0, 10, 1, 24, 14),
	(6236, '00:00:00', '2024-01-21', 1, 0, 0, 10, 1, 24, 14),
	(6237, '09:00:00', '2024-01-21', 1, 0, 0, 10, 2, 24, 14),
	(6238, '10:00:00', '2024-01-21', 1, 0, 0, 10, 2, 24, 14),
	(6239, '11:00:00', '2024-01-21', 1, 0, 0, 10, 2, 24, 14),
	(6240, '12:00:00', '2024-01-21', 1, 0, 0, 10, 2, 24, 14),
	(6241, '13:00:00', '2024-01-21', 1, 0, 0, 10, 2, 24, 14),
	(6242, '00:00:00', '2024-01-21', 1, 0, 0, 10, 2, 24, 14),
	(6243, '09:00:00', '2024-01-22', 1, 0, 0, 10, 1, 24, 8),
	(6244, '10:00:00', '2024-01-22', 1, 0, 0, 10, 1, 24, 8),
	(6245, '11:00:00', '2024-01-22', 1, 0, 0, 10, 1, 24, 8),
	(6246, '12:00:00', '2024-01-22', 1, 0, 0, 10, 1, 24, 8),
	(6247, '13:00:00', '2024-01-22', 1, 0, 0, 10, 1, 24, 8),
	(6248, '14:00:00', '2024-01-22', 1, 0, 0, 10, 1, 24, 8),
	(6249, '16:00:00', '2024-01-22', 1, 0, 0, 10, 1, 24, 8),
	(6250, '17:00:00', '2024-01-22', 1, 0, 0, 10, 1, 24, 8),
	(6251, '18:00:00', '2024-01-22', 1, 0, 0, 10, 1, 24, 8),
	(6252, '19:00:00', '2024-01-22', 1, 0, 0, 10, 1, 24, 8),
	(6253, '20:00:00', '2024-01-22', 1, 0, 0, 10, 1, 24, 8),
	(6254, '09:00:00', '2024-01-22', 1, 0, 0, 10, 2, 24, 8),
	(6255, '10:00:00', '2024-01-22', 1, 0, 0, 10, 2, 24, 8),
	(6256, '11:00:00', '2024-01-22', 1, 0, 0, 10, 2, 24, 8),
	(6257, '12:00:00', '2024-01-22', 1, 0, 0, 10, 2, 24, 8),
	(6258, '13:00:00', '2024-01-22', 1, 0, 0, 10, 2, 24, 8),
	(6259, '14:00:00', '2024-01-22', 1, 0, 0, 10, 2, 24, 8),
	(6260, '16:00:00', '2024-01-22', 1, 0, 0, 10, 2, 24, 8),
	(6261, '17:00:00', '2024-01-22', 1, 0, 0, 10, 2, 24, 8),
	(6262, '18:00:00', '2024-01-22', 1, 0, 0, 10, 2, 24, 8),
	(6263, '19:00:00', '2024-01-22', 1, 0, 0, 10, 2, 24, 8),
	(6264, '20:00:00', '2024-01-22', 1, 0, 0, 10, 2, 24, 8),
	(6265, '09:00:00', '2024-01-23', 1, 0, 0, 10, 1, 24, 9),
	(6266, '10:00:00', '2024-01-23', 1, 0, 0, 10, 1, 24, 9),
	(6267, '11:00:00', '2024-01-23', 1, 0, 0, 10, 1, 24, 9),
	(6268, '12:00:00', '2024-01-23', 1, 0, 0, 10, 1, 24, 9),
	(6269, '13:00:00', '2024-01-23', 1, 0, 0, 10, 1, 24, 9),
	(6270, '14:00:00', '2024-01-23', 1, 0, 0, 10, 1, 24, 9),
	(6271, '16:00:00', '2024-01-23', 1, 0, 0, 10, 1, 24, 9),
	(6272, '17:00:00', '2024-01-23', 1, 0, 0, 10, 1, 24, 9),
	(6273, '18:00:00', '2024-01-23', 1, 0, 0, 10, 1, 24, 9),
	(6274, '19:00:00', '2024-01-23', 1, 0, 0, 10, 1, 24, 9),
	(6275, '20:00:00', '2024-01-23', 1, 0, 0, 10, 1, 24, 9),
	(6276, '09:00:00', '2024-01-23', 1, 0, 0, 10, 2, 24, 9),
	(6277, '10:00:00', '2024-01-23', 1, 0, 0, 10, 2, 24, 9),
	(6278, '11:00:00', '2024-01-23', 1, 0, 0, 10, 2, 24, 9),
	(6279, '12:00:00', '2024-01-23', 1, 0, 0, 10, 2, 24, 9),
	(6280, '13:00:00', '2024-01-23', 1, 0, 0, 10, 2, 24, 9),
	(6281, '14:00:00', '2024-01-23', 1, 0, 0, 10, 2, 24, 9),
	(6282, '16:00:00', '2024-01-23', 1, 0, 0, 10, 2, 24, 9),
	(6283, '17:00:00', '2024-01-23', 1, 0, 0, 10, 2, 24, 9),
	(6284, '18:00:00', '2024-01-23', 1, 0, 0, 10, 2, 24, 9),
	(6285, '19:00:00', '2024-01-23', 1, 0, 0, 10, 2, 24, 9),
	(6286, '20:00:00', '2024-01-23', 1, 0, 0, 10, 2, 24, 9),
	(6287, '09:00:00', '2024-01-24', 1, 0, 0, 10, 1, 24, 10),
	(6288, '10:00:00', '2024-01-24', 1, 0, 0, 10, 1, 24, 10),
	(6289, '11:00:00', '2024-01-24', 1, 0, 0, 10, 1, 24, 10),
	(6290, '12:00:00', '2024-01-24', 1, 0, 0, 10, 1, 24, 10),
	(6291, '13:00:00', '2024-01-24', 1, 0, 0, 10, 1, 24, 10),
	(6292, '14:00:00', '2024-01-24', 1, 0, 0, 10, 1, 24, 10),
	(6293, '16:00:00', '2024-01-24', 1, 0, 0, 10, 1, 24, 10),
	(6294, '17:00:00', '2024-01-24', 1, 0, 0, 10, 1, 24, 10),
	(6295, '18:00:00', '2024-01-24', 1, 0, 0, 10, 1, 24, 10),
	(6296, '19:00:00', '2024-01-24', 1, 0, 0, 10, 1, 24, 10),
	(6297, '20:00:00', '2024-01-24', 1, 0, 0, 10, 1, 24, 10),
	(6298, '09:00:00', '2024-01-24', 1, 0, 0, 10, 2, 24, 10),
	(6299, '10:00:00', '2024-01-24', 1, 0, 0, 10, 2, 24, 10),
	(6300, '11:00:00', '2024-01-24', 1, 0, 0, 10, 2, 24, 10),
	(6301, '12:00:00', '2024-01-24', 1, 0, 0, 10, 2, 24, 10),
	(6302, '13:00:00', '2024-01-24', 1, 0, 0, 10, 2, 24, 10),
	(6303, '14:00:00', '2024-01-24', 1, 0, 0, 10, 2, 24, 10),
	(6304, '16:00:00', '2024-01-24', 1, 0, 0, 10, 2, 24, 10),
	(6305, '17:00:00', '2024-01-24', 1, 0, 0, 10, 2, 24, 10),
	(6306, '18:00:00', '2024-01-24', 1, 0, 0, 10, 2, 24, 10),
	(6307, '19:00:00', '2024-01-24', 1, 0, 0, 10, 2, 24, 10),
	(6308, '20:00:00', '2024-01-24', 1, 0, 0, 10, 2, 24, 10),
	(6309, '09:00:00', '2024-01-25', 1, 0, 0, 10, 1, 24, 11),
	(6310, '10:00:00', '2024-01-25', 1, 0, 0, 10, 1, 24, 11),
	(6311, '11:00:00', '2024-01-25', 1, 0, 0, 10, 1, 24, 11),
	(6312, '12:00:00', '2024-01-25', 1, 0, 0, 10, 1, 24, 11),
	(6313, '13:00:00', '2024-01-25', 1, 0, 0, 10, 1, 24, 11),
	(6314, '14:00:00', '2024-01-25', 1, 0, 0, 10, 1, 24, 11),
	(6315, '16:00:00', '2024-01-25', 1, 0, 0, 10, 1, 24, 11),
	(6316, '17:00:00', '2024-01-25', 1, 0, 0, 10, 1, 24, 11),
	(6317, '18:00:00', '2024-01-25', 1, 0, 0, 10, 1, 24, 11),
	(6318, '19:00:00', '2024-01-25', 1, 0, 0, 10, 1, 24, 11),
	(6319, '20:00:00', '2024-01-25', 1, 0, 0, 10, 1, 24, 11),
	(6320, '09:00:00', '2024-01-25', 1, 0, 0, 10, 2, 24, 11),
	(6321, '10:00:00', '2024-01-25', 1, 0, 0, 10, 2, 24, 11),
	(6322, '11:00:00', '2024-01-25', 1, 0, 0, 10, 2, 24, 11),
	(6323, '12:00:00', '2024-01-25', 1, 0, 0, 10, 2, 24, 11),
	(6324, '13:00:00', '2024-01-25', 1, 0, 0, 10, 2, 24, 11),
	(6325, '14:00:00', '2024-01-25', 1, 0, 0, 10, 2, 24, 11),
	(6326, '16:00:00', '2024-01-25', 1, 0, 0, 10, 2, 24, 11),
	(6327, '17:00:00', '2024-01-25', 1, 0, 0, 10, 2, 24, 11),
	(6328, '18:00:00', '2024-01-25', 1, 0, 0, 10, 2, 24, 11),
	(6329, '19:00:00', '2024-01-25', 1, 0, 0, 10, 2, 24, 11),
	(6330, '20:00:00', '2024-01-25', 1, 0, 0, 10, 2, 24, 11),
	(6353, '09:00:00', '2024-01-27', 1, 0, 0, 10, 1, 24, 13),
	(6354, '10:00:00', '2024-01-27', 1, 0, 0, 10, 1, 24, 13),
	(6355, '11:00:00', '2024-01-27', 1, 0, 0, 10, 1, 24, 13),
	(6356, '12:00:00', '2024-01-27', 1, 0, 0, 10, 1, 24, 13),
	(6357, '13:00:00', '2024-01-27', 1, 0, 0, 10, 1, 24, 13),
	(6358, '17:00:00', '2024-01-27', 1, 0, 0, 10, 1, 24, 13),
	(6359, '18:00:00', '2024-01-27', 1, 0, 0, 10, 1, 24, 13),
	(6360, '19:00:00', '2024-01-27', 1, 0, 0, 10, 1, 24, 13),
	(6361, '09:00:00', '2024-01-27', 1, 0, 0, 10, 2, 24, 13),
	(6362, '10:00:00', '2024-01-27', 1, 0, 0, 10, 2, 24, 13),
	(6363, '11:00:00', '2024-01-27', 1, 0, 0, 10, 2, 24, 13),
	(6364, '12:00:00', '2024-01-27', 1, 0, 0, 10, 2, 24, 13),
	(6365, '13:00:00', '2024-01-27', 1, 0, 0, 10, 2, 24, 13),
	(6366, '17:00:00', '2024-01-27', 1, 0, 0, 10, 2, 24, 13),
	(6367, '18:00:00', '2024-01-27', 1, 0, 0, 10, 2, 24, 13),
	(6368, '19:00:00', '2024-01-27', 1, 0, 0, 10, 2, 24, 13),
	(6369, '09:00:00', '2024-01-28', 1, 0, 0, 10, 1, 24, 14),
	(6370, '10:00:00', '2024-01-28', 1, 0, 0, 10, 1, 24, 14),
	(6371, '11:00:00', '2024-01-28', 1, 0, 0, 10, 1, 24, 14),
	(6372, '12:00:00', '2024-01-28', 1, 0, 0, 10, 1, 24, 14),
	(6373, '13:00:00', '2024-01-28', 1, 0, 0, 10, 1, 24, 14),
	(6374, '00:00:00', '2024-01-28', 1, 0, 0, 10, 1, 24, 14),
	(6375, '09:00:00', '2024-01-28', 1, 0, 0, 10, 2, 24, 14),
	(6376, '10:00:00', '2024-01-28', 1, 0, 0, 10, 2, 24, 14),
	(6377, '11:00:00', '2024-01-28', 1, 0, 0, 10, 2, 24, 14),
	(6378, '12:00:00', '2024-01-28', 1, 0, 0, 10, 2, 24, 14),
	(6379, '13:00:00', '2024-01-28', 1, 0, 0, 10, 2, 24, 14),
	(6380, '00:00:00', '2024-01-28', 1, 0, 0, 10, 2, 24, 14),
	(6381, '09:00:00', '2024-01-29', 1, 0, 0, 10, 1, 24, 8),
	(6382, '10:00:00', '2024-01-29', 1, 0, 0, 10, 1, 24, 8),
	(6383, '11:00:00', '2024-01-29', 1, 0, 0, 10, 1, 24, 8),
	(6384, '12:00:00', '2024-01-29', 1, 0, 0, 10, 1, 24, 8),
	(6385, '13:00:00', '2024-01-29', 1, 0, 0, 10, 1, 24, 8),
	(6386, '14:00:00', '2024-01-29', 1, 0, 0, 10, 1, 24, 8),
	(6387, '16:00:00', '2024-01-29', 1, 0, 0, 10, 1, 24, 8),
	(6388, '17:00:00', '2024-01-29', 1, 0, 0, 10, 1, 24, 8),
	(6389, '18:00:00', '2024-01-29', 1, 0, 0, 10, 1, 24, 8),
	(6390, '19:00:00', '2024-01-29', 1, 0, 0, 10, 1, 24, 8),
	(6391, '20:00:00', '2024-01-29', 1, 0, 0, 10, 1, 24, 8),
	(6392, '09:00:00', '2024-01-29', 1, 0, 0, 10, 2, 24, 8),
	(6393, '10:00:00', '2024-01-29', 1, 0, 0, 10, 2, 24, 8),
	(6394, '11:00:00', '2024-01-29', 1, 0, 0, 10, 2, 24, 8),
	(6395, '12:00:00', '2024-01-29', 1, 0, 0, 10, 2, 24, 8),
	(6396, '13:00:00', '2024-01-29', 1, 0, 0, 10, 2, 24, 8),
	(6397, '14:00:00', '2024-01-29', 1, 0, 0, 10, 2, 24, 8),
	(6398, '16:00:00', '2024-01-29', 1, 0, 0, 10, 2, 24, 8),
	(6399, '17:00:00', '2024-01-29', 1, 0, 0, 10, 2, 24, 8),
	(6400, '18:00:00', '2024-01-29', 1, 0, 0, 10, 2, 24, 8),
	(6401, '19:00:00', '2024-01-29', 1, 0, 0, 10, 2, 24, 8),
	(6402, '20:00:00', '2024-01-29', 1, 0, 0, 10, 2, 24, 8),
	(6403, '09:00:00', '2024-01-30', 1, 0, 0, 10, 1, 24, 9),
	(6404, '10:00:00', '2024-01-30', 1, 0, 0, 10, 1, 24, 9),
	(6405, '11:00:00', '2024-01-30', 1, 0, 0, 10, 1, 24, 9),
	(6406, '12:00:00', '2024-01-30', 1, 0, 0, 10, 1, 24, 9),
	(6407, '13:00:00', '2024-01-30', 1, 0, 0, 10, 1, 24, 9),
	(6408, '14:00:00', '2024-01-30', 1, 0, 0, 10, 1, 24, 9),
	(6409, '16:00:00', '2024-01-30', 1, 0, 0, 10, 1, 24, 9),
	(6410, '17:00:00', '2024-01-30', 1, 0, 0, 10, 1, 24, 9),
	(6411, '18:00:00', '2024-01-30', 1, 0, 0, 10, 1, 24, 9),
	(6412, '19:00:00', '2024-01-30', 1, 0, 0, 10, 1, 24, 9),
	(6413, '20:00:00', '2024-01-30', 1, 0, 0, 10, 1, 24, 9),
	(6414, '09:00:00', '2024-01-30', 1, 0, 0, 10, 2, 24, 9),
	(6415, '10:00:00', '2024-01-30', 1, 0, 0, 10, 2, 24, 9),
	(6416, '11:00:00', '2024-01-30', 1, 0, 0, 10, 2, 24, 9),
	(6417, '12:00:00', '2024-01-30', 1, 0, 0, 10, 2, 24, 9),
	(6418, '13:00:00', '2024-01-30', 1, 0, 0, 10, 2, 24, 9),
	(6419, '14:00:00', '2024-01-30', 1, 0, 0, 10, 2, 24, 9),
	(6420, '16:00:00', '2024-01-30', 1, 0, 0, 10, 2, 24, 9),
	(6421, '17:00:00', '2024-01-30', 1, 0, 0, 10, 2, 24, 9),
	(6422, '18:00:00', '2024-01-30', 1, 0, 0, 10, 2, 24, 9),
	(6423, '19:00:00', '2024-01-30', 1, 0, 0, 10, 2, 24, 9),
	(6424, '20:00:00', '2024-01-30', 1, 0, 0, 10, 2, 24, 9),
	(6425, '09:00:00', '2024-01-31', 1, 0, 0, 10, 1, 24, 10),
	(6426, '10:00:00', '2024-01-31', 1, 0, 0, 10, 1, 24, 10),
	(6427, '11:00:00', '2024-01-31', 1, 0, 0, 10, 1, 24, 10),
	(6428, '12:00:00', '2024-01-31', 1, 0, 0, 10, 1, 24, 10),
	(6429, '13:00:00', '2024-01-31', 1, 0, 0, 10, 1, 24, 10),
	(6430, '14:00:00', '2024-01-31', 1, 0, 0, 10, 1, 24, 10),
	(6431, '16:00:00', '2024-01-31', 1, 0, 0, 10, 1, 24, 10),
	(6432, '17:00:00', '2024-01-31', 1, 0, 0, 10, 1, 24, 10),
	(6433, '18:00:00', '2024-01-31', 1, 0, 0, 10, 1, 24, 10),
	(6434, '19:00:00', '2024-01-31', 1, 0, 0, 10, 1, 24, 10),
	(6435, '20:00:00', '2024-01-31', 1, 0, 0, 10, 1, 24, 10),
	(6436, '09:00:00', '2024-01-31', 1, 0, 0, 10, 2, 24, 10),
	(6437, '10:00:00', '2024-01-31', 1, 0, 0, 10, 2, 24, 10),
	(6438, '11:00:00', '2024-01-31', 1, 0, 0, 10, 2, 24, 10),
	(6439, '12:00:00', '2024-01-31', 1, 0, 0, 10, 2, 24, 10),
	(6440, '13:00:00', '2024-01-31', 1, 0, 0, 10, 2, 24, 10),
	(6441, '14:00:00', '2024-01-31', 1, 0, 0, 10, 2, 24, 10),
	(6442, '16:00:00', '2024-01-31', 1, 0, 0, 10, 2, 24, 10),
	(6443, '17:00:00', '2024-01-31', 1, 0, 0, 10, 2, 24, 10),
	(6444, '18:00:00', '2024-01-31', 1, 0, 0, 10, 2, 24, 10),
	(6445, '19:00:00', '2024-01-31', 1, 0, 0, 10, 2, 24, 10),
	(6446, '20:00:00', '2024-01-31', 1, 0, 0, 10, 2, 24, 10),
	(6447, '08:00:00', '2024-01-26', 1, 0, 0, 10, 1, 24, 64),
	(6448, '09:00:00', '2024-01-26', 1, 0, 0, 10, 1, 24, 64),
	(6449, '10:00:00', '2024-01-26', 1, 0, 0, 10, 1, 24, 64),
	(6450, '11:00:00', '2024-01-26', 1, 0, 0, 10, 1, 24, 64),
	(6451, '12:00:00', '2024-01-26', 1, 0, 0, 10, 1, 24, 64),
	(6452, '13:00:00', '2024-01-26', 1, 0, 0, 10, 1, 24, 64),
	(6453, '14:00:00', '2024-01-26', 1, 0, 0, 10, 1, 24, 64),
	(6454, '08:00:00', '2024-01-26', 1, 0, 0, 10, 2, 24, 64),
	(6455, '09:00:00', '2024-01-26', 1, 0, 0, 10, 2, 24, 64),
	(6456, '10:00:00', '2024-01-26', 1, 0, 0, 10, 2, 24, 64),
	(6457, '11:00:00', '2024-01-26', 1, 0, 0, 10, 2, 24, 64),
	(6458, '12:00:00', '2024-01-26', 1, 0, 0, 10, 2, 24, 64),
	(6459, '13:00:00', '2024-01-26', 1, 0, 0, 10, 2, 24, 64),
	(6460, '14:00:00', '2024-01-26', 1, 0, 0, 10, 2, 24, 64),
	(6461, '09:00:00', '2024-05-02', 1, 0, 0, 10, 1, 25, 11),
	(6462, '10:00:00', '2024-05-02', 1, 0, 0, 10, 1, 25, 11),
	(6463, '11:00:00', '2024-05-02', 1, 0, 0, 10, 1, 25, 11),
	(6464, '12:00:00', '2024-05-02', 1, 0, 0, 10, 1, 25, 11),
	(6465, '13:00:00', '2024-05-02', 1, 0, 0, 10, 1, 25, 11),
	(6466, '14:00:00', '2024-05-02', 1, 0, 0, 10, 1, 25, 11),
	(6467, '16:00:00', '2024-05-02', 1, 0, 0, 10, 1, 25, 11),
	(6468, '17:00:00', '2024-05-02', 1, 0, 0, 10, 1, 25, 11),
	(6469, '18:00:00', '2024-05-02', 1, 0, 0, 10, 1, 25, 11),
	(6470, '19:00:00', '2024-05-02', 1, 0, 0, 10, 1, 25, 11),
	(6471, '20:00:00', '2024-05-02', 1, 0, 0, 10, 1, 25, 11),
	(6472, '09:00:00', '2024-05-02', 1, 0, 0, 10, 2, 25, 11),
	(6473, '10:00:00', '2024-05-02', 1, 0, 0, 10, 2, 25, 11),
	(6474, '11:00:00', '2024-05-02', 1, 0, 0, 10, 2, 25, 11),
	(6475, '12:00:00', '2024-05-02', 1, 0, 0, 10, 2, 25, 11),
	(6476, '13:00:00', '2024-05-02', 1, 0, 0, 10, 2, 25, 11),
	(6477, '14:00:00', '2024-05-02', 1, 0, 0, 10, 2, 25, 11),
	(6478, '16:00:00', '2024-05-02', 1, 0, 0, 10, 2, 25, 11),
	(6479, '17:00:00', '2024-05-02', 1, 0, 0, 10, 2, 25, 11),
	(6480, '18:00:00', '2024-05-02', 1, 0, 0, 10, 2, 25, 11),
	(6481, '19:00:00', '2024-05-02', 1, 0, 0, 10, 2, 25, 11),
	(6482, '20:00:00', '2024-05-02', 1, 0, 0, 10, 2, 25, 11),
	(6533, '09:00:00', '2024-05-06', 1, 0, 0, 10, 1, 25, 8),
	(6534, '10:00:00', '2024-05-06', 1, 0, 0, 10, 1, 25, 8),
	(6535, '11:00:00', '2024-05-06', 1, 0, 0, 10, 1, 25, 8),
	(6536, '12:00:00', '2024-05-06', 1, 0, 0, 10, 1, 25, 8),
	(6537, '13:00:00', '2024-05-06', 1, 0, 0, 10, 1, 25, 8),
	(6538, '14:00:00', '2024-05-06', 1, 0, 0, 10, 1, 25, 8),
	(6539, '16:00:00', '2024-05-06', 1, 0, 0, 10, 1, 25, 8),
	(6540, '17:00:00', '2024-05-06', 1, 0, 0, 10, 1, 25, 8),
	(6541, '18:00:00', '2024-05-06', 1, 0, 0, 10, 1, 25, 8),
	(6542, '19:00:00', '2024-05-06', 1, 0, 0, 10, 1, 25, 8),
	(6543, '20:00:00', '2024-05-06', 1, 0, 0, 10, 1, 25, 8),
	(6544, '09:00:00', '2024-05-06', 1, 0, 0, 10, 2, 25, 8),
	(6545, '10:00:00', '2024-05-06', 1, 0, 0, 10, 2, 25, 8),
	(6546, '11:00:00', '2024-05-06', 1, 0, 0, 10, 2, 25, 8),
	(6547, '12:00:00', '2024-05-06', 1, 0, 0, 10, 2, 25, 8),
	(6548, '13:00:00', '2024-05-06', 1, 0, 0, 10, 2, 25, 8),
	(6549, '14:00:00', '2024-05-06', 1, 0, 0, 10, 2, 25, 8),
	(6550, '16:00:00', '2024-05-06', 1, 0, 0, 10, 2, 25, 8),
	(6551, '17:00:00', '2024-05-06', 1, 0, 0, 10, 2, 25, 8),
	(6552, '18:00:00', '2024-05-06', 1, 0, 0, 10, 2, 25, 8),
	(6553, '19:00:00', '2024-05-06', 1, 0, 0, 10, 2, 25, 8),
	(6554, '20:00:00', '2024-05-06', 1, 0, 0, 10, 2, 25, 8),
	(6555, '09:00:00', '2024-05-07', 1, 0, 0, 10, 1, 25, 9),
	(6556, '10:00:00', '2024-05-07', 1, 0, 0, 10, 1, 25, 9),
	(6557, '11:00:00', '2024-05-07', 1, 0, 0, 10, 1, 25, 9),
	(6558, '12:00:00', '2024-05-07', 1, 0, 0, 10, 1, 25, 9),
	(6559, '13:00:00', '2024-05-07', 1, 0, 0, 10, 1, 25, 9),
	(6560, '14:00:00', '2024-05-07', 1, 0, 0, 10, 1, 25, 9),
	(6561, '16:00:00', '2024-05-07', 1, 0, 0, 10, 1, 25, 9),
	(6562, '17:00:00', '2024-05-07', 1, 0, 0, 10, 1, 25, 9),
	(6563, '18:00:00', '2024-05-07', 1, 0, 0, 10, 1, 25, 9),
	(6564, '19:00:00', '2024-05-07', 1, 0, 0, 10, 1, 25, 9),
	(6565, '20:00:00', '2024-05-07', 1, 0, 0, 10, 1, 25, 9),
	(6566, '09:00:00', '2024-05-07', 1, 0, 0, 10, 2, 25, 9),
	(6567, '10:00:00', '2024-05-07', 1, 0, 0, 10, 2, 25, 9),
	(6568, '11:00:00', '2024-05-07', 1, 0, 0, 10, 2, 25, 9),
	(6569, '12:00:00', '2024-05-07', 1, 0, 0, 10, 2, 25, 9),
	(6570, '13:00:00', '2024-05-07', 1, 0, 0, 10, 2, 25, 9),
	(6571, '14:00:00', '2024-05-07', 1, 0, 0, 10, 2, 25, 9),
	(6572, '16:00:00', '2024-05-07', 1, 0, 0, 10, 2, 25, 9),
	(6573, '17:00:00', '2024-05-07', 1, 0, 0, 10, 2, 25, 9),
	(6574, '18:00:00', '2024-05-07', 1, 0, 0, 10, 2, 25, 9),
	(6575, '19:00:00', '2024-05-07', 1, 0, 0, 10, 2, 25, 9),
	(6576, '20:00:00', '2024-05-07', 1, 0, 0, 10, 2, 25, 9),
	(6577, '09:00:00', '2024-05-08', 1, 0, 0, 10, 1, 25, 10),
	(6578, '10:00:00', '2024-05-08', 1, 0, 0, 10, 1, 25, 10),
	(6579, '11:00:00', '2024-05-08', 1, 0, 0, 10, 1, 25, 10),
	(6580, '12:00:00', '2024-05-08', 1, 0, 0, 10, 1, 25, 10),
	(6581, '13:00:00', '2024-05-08', 1, 0, 0, 10, 1, 25, 10),
	(6582, '14:00:00', '2024-05-08', 1, 0, 0, 10, 1, 25, 10),
	(6583, '16:00:00', '2024-05-08', 1, 0, 0, 10, 1, 25, 10),
	(6584, '17:00:00', '2024-05-08', 1, 0, 0, 10, 1, 25, 10),
	(6585, '18:00:00', '2024-05-08', 1, 0, 0, 10, 1, 25, 10),
	(6586, '19:00:00', '2024-05-08', 1, 0, 0, 10, 1, 25, 10),
	(6587, '20:00:00', '2024-05-08', 1, 0, 0, 10, 1, 25, 10),
	(6588, '09:00:00', '2024-05-08', 1, 0, 0, 10, 2, 25, 10),
	(6589, '10:00:00', '2024-05-08', 1, 0, 0, 10, 2, 25, 10),
	(6590, '11:00:00', '2024-05-08', 1, 0, 0, 10, 2, 25, 10),
	(6591, '12:00:00', '2024-05-08', 1, 0, 0, 10, 2, 25, 10),
	(6592, '13:00:00', '2024-05-08', 1, 0, 0, 10, 2, 25, 10),
	(6593, '14:00:00', '2024-05-08', 1, 0, 0, 10, 2, 25, 10),
	(6594, '16:00:00', '2024-05-08', 1, 0, 0, 10, 2, 25, 10),
	(6595, '17:00:00', '2024-05-08', 1, 0, 0, 10, 2, 25, 10),
	(6596, '18:00:00', '2024-05-08', 1, 0, 0, 10, 2, 25, 10),
	(6597, '19:00:00', '2024-05-08', 1, 0, 0, 10, 2, 25, 10),
	(6598, '20:00:00', '2024-05-08', 1, 0, 0, 10, 2, 25, 10),
	(6599, '09:00:00', '2024-05-09', 1, 0, 0, 10, 1, 25, 11),
	(6600, '10:00:00', '2024-05-09', 1, 0, 0, 10, 1, 25, 11),
	(6601, '11:00:00', '2024-05-09', 1, 0, 0, 10, 1, 25, 11),
	(6602, '12:00:00', '2024-05-09', 1, 0, 0, 10, 1, 25, 11),
	(6603, '13:00:00', '2024-05-09', 1, 0, 0, 10, 1, 25, 11),
	(6604, '14:00:00', '2024-05-09', 1, 0, 0, 10, 1, 25, 11),
	(6605, '16:00:00', '2024-05-09', 1, 0, 0, 10, 1, 25, 11),
	(6606, '17:00:00', '2024-05-09', 1, 0, 0, 10, 1, 25, 11),
	(6607, '18:00:00', '2024-05-09', 1, 0, 0, 10, 1, 25, 11),
	(6608, '19:00:00', '2024-05-09', 1, 0, 0, 10, 1, 25, 11),
	(6609, '20:00:00', '2024-05-09', 1, 0, 0, 10, 1, 25, 11),
	(6610, '09:00:00', '2024-05-09', 1, 0, 0, 10, 2, 25, 11),
	(6611, '10:00:00', '2024-05-09', 1, 0, 0, 10, 2, 25, 11),
	(6612, '11:00:00', '2024-05-09', 1, 0, 0, 10, 2, 25, 11),
	(6613, '12:00:00', '2024-05-09', 1, 0, 0, 10, 2, 25, 11),
	(6614, '13:00:00', '2024-05-09', 1, 0, 0, 10, 2, 25, 11),
	(6615, '14:00:00', '2024-05-09', 1, 0, 0, 10, 2, 25, 11),
	(6616, '16:00:00', '2024-05-09', 1, 0, 0, 10, 2, 25, 11),
	(6617, '17:00:00', '2024-05-09', 1, 0, 0, 10, 2, 25, 11),
	(6618, '18:00:00', '2024-05-09', 1, 0, 0, 10, 2, 25, 11),
	(6619, '19:00:00', '2024-05-09', 1, 0, 0, 10, 2, 25, 11),
	(6620, '20:00:00', '2024-05-09', 1, 0, 0, 10, 2, 25, 11),
	(6621, '09:00:00', '2024-05-10', 1, 0, 0, 10, 1, 25, 12),
	(6622, '10:00:00', '2024-05-10', 1, 0, 0, 10, 1, 25, 12),
	(6623, '11:00:00', '2024-05-10', 1, 0, 0, 10, 1, 25, 12),
	(6624, '12:00:00', '2024-05-10', 1, 0, 0, 10, 1, 25, 12),
	(6625, '13:00:00', '2024-05-10', 1, 0, 0, 10, 1, 25, 12),
	(6626, '14:00:00', '2024-05-10', 1, 0, 0, 10, 1, 25, 12),
	(6627, '16:00:00', '2024-05-10', 1, 0, 0, 10, 1, 25, 12),
	(6628, '17:00:00', '2024-05-10', 1, 0, 0, 10, 1, 25, 12),
	(6629, '18:00:00', '2024-05-10', 1, 0, 0, 10, 1, 25, 12),
	(6630, '19:00:00', '2024-05-10', 1, 0, 0, 10, 1, 25, 12),
	(6631, '20:00:00', '2024-05-10', 1, 0, 0, 10, 1, 25, 12),
	(6632, '09:00:00', '2024-05-10', 1, 0, 0, 10, 2, 25, 12),
	(6633, '10:00:00', '2024-05-10', 1, 0, 0, 10, 2, 25, 12),
	(6634, '11:00:00', '2024-05-10', 1, 0, 0, 10, 2, 25, 12),
	(6635, '12:00:00', '2024-05-10', 1, 0, 0, 10, 2, 25, 12),
	(6636, '13:00:00', '2024-05-10', 1, 0, 0, 10, 2, 25, 12),
	(6637, '14:00:00', '2024-05-10', 1, 0, 0, 10, 2, 25, 12),
	(6638, '16:00:00', '2024-05-10', 1, 0, 0, 10, 2, 25, 12),
	(6639, '17:00:00', '2024-05-10', 1, 0, 0, 10, 2, 25, 12),
	(6640, '18:00:00', '2024-05-10', 1, 0, 0, 10, 2, 25, 12),
	(6641, '19:00:00', '2024-05-10', 1, 0, 0, 10, 2, 25, 12),
	(6642, '20:00:00', '2024-05-10', 1, 0, 0, 10, 2, 25, 12),
	(6643, '09:00:00', '2024-05-11', 1, 0, 0, 10, 1, 25, 13),
	(6644, '10:00:00', '2024-05-11', 1, 0, 0, 10, 1, 25, 13),
	(6645, '11:00:00', '2024-05-11', 1, 0, 0, 10, 1, 25, 13),
	(6646, '12:00:00', '2024-05-11', 1, 0, 0, 10, 1, 25, 13),
	(6647, '13:00:00', '2024-05-11', 1, 0, 0, 10, 1, 25, 13),
	(6648, '17:00:00', '2024-05-11', 1, 0, 0, 10, 1, 25, 13),
	(6649, '18:00:00', '2024-05-11', 1, 0, 0, 10, 1, 25, 13),
	(6650, '19:00:00', '2024-05-11', 1, 0, 0, 10, 1, 25, 13),
	(6651, '09:00:00', '2024-05-11', 1, 0, 0, 10, 2, 25, 13),
	(6652, '10:00:00', '2024-05-11', 1, 0, 0, 10, 2, 25, 13),
	(6653, '11:00:00', '2024-05-11', 1, 0, 0, 10, 2, 25, 13),
	(6654, '12:00:00', '2024-05-11', 1, 0, 0, 10, 2, 25, 13),
	(6655, '13:00:00', '2024-05-11', 1, 0, 0, 10, 2, 25, 13),
	(6656, '17:00:00', '2024-05-11', 1, 0, 0, 10, 2, 25, 13),
	(6657, '18:00:00', '2024-05-11', 1, 0, 0, 10, 2, 25, 13),
	(6658, '19:00:00', '2024-05-11', 1, 0, 0, 10, 2, 25, 13),
	(6659, '09:00:00', '2024-05-12', 1, 0, 0, 10, 1, 25, 14),
	(6660, '10:00:00', '2024-05-12', 1, 0, 0, 10, 1, 25, 14),
	(6661, '11:00:00', '2024-05-12', 1, 0, 0, 10, 1, 25, 14),
	(6662, '12:00:00', '2024-05-12', 1, 0, 0, 10, 1, 25, 14),
	(6663, '13:00:00', '2024-05-12', 1, 0, 0, 10, 1, 25, 14),
	(6664, '00:00:00', '2024-05-12', 1, 0, 0, 10, 1, 25, 14),
	(6665, '09:00:00', '2024-05-12', 1, 0, 0, 10, 2, 25, 14),
	(6666, '10:00:00', '2024-05-12', 1, 0, 0, 10, 2, 25, 14),
	(6667, '11:00:00', '2024-05-12', 1, 0, 0, 10, 2, 25, 14),
	(6668, '12:00:00', '2024-05-12', 1, 0, 0, 10, 2, 25, 14),
	(6669, '13:00:00', '2024-05-12', 1, 0, 0, 10, 2, 25, 14),
	(6670, '00:00:00', '2024-05-12', 1, 0, 0, 10, 2, 25, 14),
	(6671, '09:00:00', '2024-05-13', 1, 0, 0, 10, 1, 25, 8),
	(6672, '10:00:00', '2024-05-13', 1, 0, 0, 10, 1, 25, 8),
	(6673, '11:00:00', '2024-05-13', 1, 0, 0, 10, 1, 25, 8),
	(6674, '12:00:00', '2024-05-13', 1, 0, 0, 10, 1, 25, 8),
	(6675, '13:00:00', '2024-05-13', 1, 0, 0, 10, 1, 25, 8),
	(6676, '14:00:00', '2024-05-13', 1, 0, 0, 10, 1, 25, 8),
	(6677, '16:00:00', '2024-05-13', 1, 0, 0, 10, 1, 25, 8),
	(6678, '17:00:00', '2024-05-13', 1, 0, 0, 10, 1, 25, 8),
	(6679, '18:00:00', '2024-05-13', 1, 0, 0, 10, 1, 25, 8),
	(6680, '19:00:00', '2024-05-13', 1, 0, 0, 10, 1, 25, 8),
	(6681, '20:00:00', '2024-05-13', 1, 0, 0, 10, 1, 25, 8),
	(6682, '09:00:00', '2024-05-13', 1, 0, 0, 10, 2, 25, 8),
	(6683, '10:00:00', '2024-05-13', 1, 0, 0, 10, 2, 25, 8),
	(6684, '11:00:00', '2024-05-13', 1, 0, 0, 10, 2, 25, 8),
	(6685, '12:00:00', '2024-05-13', 1, 0, 0, 10, 2, 25, 8),
	(6686, '13:00:00', '2024-05-13', 1, 0, 0, 10, 2, 25, 8),
	(6687, '14:00:00', '2024-05-13', 1, 0, 0, 10, 2, 25, 8),
	(6688, '16:00:00', '2024-05-13', 1, 0, 0, 10, 2, 25, 8),
	(6689, '17:00:00', '2024-05-13', 1, 0, 0, 10, 2, 25, 8),
	(6690, '18:00:00', '2024-05-13', 1, 0, 0, 10, 2, 25, 8),
	(6691, '19:00:00', '2024-05-13', 1, 0, 0, 10, 2, 25, 8),
	(6692, '20:00:00', '2024-05-13', 1, 0, 0, 10, 2, 25, 8),
	(6693, '09:00:00', '2024-05-14', 1, 0, 0, 10, 1, 25, 9),
	(6694, '10:00:00', '2024-05-14', 1, 0, 0, 10, 1, 25, 9),
	(6695, '11:00:00', '2024-05-14', 1, 0, 0, 10, 1, 25, 9),
	(6696, '12:00:00', '2024-05-14', 1, 0, 0, 10, 1, 25, 9),
	(6697, '13:00:00', '2024-05-14', 1, 0, 0, 10, 1, 25, 9),
	(6698, '14:00:00', '2024-05-14', 1, 0, 0, 10, 1, 25, 9),
	(6699, '16:00:00', '2024-05-14', 1, 0, 0, 10, 1, 25, 9),
	(6700, '17:00:00', '2024-05-14', 1, 0, 0, 10, 1, 25, 9),
	(6701, '18:00:00', '2024-05-14', 1, 0, 0, 10, 1, 25, 9),
	(6702, '19:00:00', '2024-05-14', 1, 0, 0, 10, 1, 25, 9),
	(6703, '20:00:00', '2024-05-14', 1, 0, 0, 10, 1, 25, 9),
	(6704, '09:00:00', '2024-05-14', 1, 0, 0, 10, 2, 25, 9),
	(6705, '10:00:00', '2024-05-14', 1, 0, 0, 10, 2, 25, 9),
	(6706, '11:00:00', '2024-05-14', 1, 0, 0, 10, 2, 25, 9),
	(6707, '12:00:00', '2024-05-14', 1, 0, 0, 10, 2, 25, 9),
	(6708, '13:00:00', '2024-05-14', 1, 0, 0, 10, 2, 25, 9),
	(6709, '14:00:00', '2024-05-14', 1, 0, 0, 10, 2, 25, 9),
	(6710, '16:00:00', '2024-05-14', 1, 0, 0, 10, 2, 25, 9),
	(6711, '17:00:00', '2024-05-14', 1, 0, 0, 10, 2, 25, 9),
	(6712, '18:00:00', '2024-05-14', 1, 0, 0, 10, 2, 25, 9),
	(6713, '19:00:00', '2024-05-14', 1, 0, 0, 10, 2, 25, 9),
	(6714, '20:00:00', '2024-05-14', 1, 0, 0, 10, 2, 25, 9),
	(6715, '09:00:00', '2024-05-15', 1, 0, 0, 10, 1, 25, 10),
	(6716, '10:00:00', '2024-05-15', 1, 0, 0, 10, 1, 25, 10),
	(6717, '11:00:00', '2024-05-15', 1, 0, 0, 10, 1, 25, 10),
	(6718, '12:00:00', '2024-05-15', 1, 0, 0, 10, 1, 25, 10),
	(6719, '13:00:00', '2024-05-15', 1, 0, 0, 10, 1, 25, 10),
	(6720, '14:00:00', '2024-05-15', 1, 0, 0, 10, 1, 25, 10),
	(6721, '16:00:00', '2024-05-15', 1, 0, 0, 10, 1, 25, 10),
	(6722, '17:00:00', '2024-05-15', 1, 0, 0, 10, 1, 25, 10),
	(6723, '18:00:00', '2024-05-15', 1, 0, 0, 10, 1, 25, 10),
	(6724, '19:00:00', '2024-05-15', 1, 0, 0, 10, 1, 25, 10),
	(6725, '20:00:00', '2024-05-15', 1, 0, 0, 10, 1, 25, 10),
	(6726, '09:00:00', '2024-05-15', 1, 0, 0, 10, 2, 25, 10),
	(6727, '10:00:00', '2024-05-15', 1, 0, 0, 10, 2, 25, 10),
	(6728, '11:00:00', '2024-05-15', 1, 0, 0, 10, 2, 25, 10),
	(6729, '12:00:00', '2024-05-15', 1, 0, 0, 10, 2, 25, 10),
	(6730, '13:00:00', '2024-05-15', 1, 0, 0, 10, 2, 25, 10),
	(6731, '14:00:00', '2024-05-15', 1, 0, 0, 10, 2, 25, 10),
	(6732, '16:00:00', '2024-05-15', 1, 0, 0, 10, 2, 25, 10),
	(6733, '17:00:00', '2024-05-15', 1, 0, 0, 10, 2, 25, 10),
	(6734, '18:00:00', '2024-05-15', 1, 0, 0, 10, 2, 25, 10),
	(6735, '19:00:00', '2024-05-15', 1, 0, 0, 10, 2, 25, 10),
	(6736, '20:00:00', '2024-05-15', 1, 0, 0, 10, 2, 25, 10),
	(6737, '09:00:00', '2024-05-16', 1, 0, 0, 10, 1, 25, 11),
	(6738, '10:00:00', '2024-05-16', 1, 0, 0, 10, 1, 25, 11),
	(6739, '11:00:00', '2024-05-16', 1, 0, 0, 10, 1, 25, 11),
	(6740, '12:00:00', '2024-05-16', 1, 0, 0, 10, 1, 25, 11),
	(6741, '13:00:00', '2024-05-16', 1, 0, 0, 10, 1, 25, 11),
	(6742, '14:00:00', '2024-05-16', 1, 0, 0, 10, 1, 25, 11),
	(6743, '16:00:00', '2024-05-16', 1, 0, 0, 10, 1, 25, 11),
	(6744, '17:00:00', '2024-05-16', 1, 0, 0, 10, 1, 25, 11),
	(6745, '18:00:00', '2024-05-16', 1, 0, 0, 10, 1, 25, 11),
	(6746, '19:00:00', '2024-05-16', 1, 0, 0, 10, 1, 25, 11),
	(6747, '20:00:00', '2024-05-16', 1, 0, 0, 10, 1, 25, 11),
	(6748, '09:00:00', '2024-05-16', 1, 0, 0, 10, 2, 25, 11),
	(6749, '10:00:00', '2024-05-16', 1, 0, 0, 10, 2, 25, 11),
	(6750, '11:00:00', '2024-05-16', 1, 0, 0, 10, 2, 25, 11),
	(6751, '12:00:00', '2024-05-16', 1, 0, 0, 10, 2, 25, 11),
	(6752, '13:00:00', '2024-05-16', 1, 0, 0, 10, 2, 25, 11),
	(6753, '14:00:00', '2024-05-16', 1, 0, 0, 10, 2, 25, 11),
	(6754, '16:00:00', '2024-05-16', 1, 0, 0, 10, 2, 25, 11),
	(6755, '17:00:00', '2024-05-16', 1, 0, 0, 10, 2, 25, 11),
	(6756, '18:00:00', '2024-05-16', 1, 0, 0, 10, 2, 25, 11),
	(6757, '19:00:00', '2024-05-16', 1, 0, 0, 10, 2, 25, 11),
	(6758, '20:00:00', '2024-05-16', 1, 0, 0, 10, 2, 25, 11),
	(6759, '09:00:00', '2024-05-17', 1, 0, 0, 10, 1, 25, 12),
	(6760, '10:00:00', '2024-05-17', 1, 0, 0, 10, 1, 25, 12),
	(6761, '11:00:00', '2024-05-17', 1, 0, 0, 10, 1, 25, 12),
	(6762, '12:00:00', '2024-05-17', 1, 0, 0, 10, 1, 25, 12),
	(6763, '13:00:00', '2024-05-17', 1, 0, 0, 10, 1, 25, 12),
	(6764, '14:00:00', '2024-05-17', 1, 0, 0, 10, 1, 25, 12),
	(6765, '16:00:00', '2024-05-17', 1, 0, 0, 10, 1, 25, 12),
	(6766, '17:00:00', '2024-05-17', 1, 0, 0, 10, 1, 25, 12),
	(6767, '18:00:00', '2024-05-17', 1, 0, 0, 10, 1, 25, 12),
	(6768, '19:00:00', '2024-05-17', 1, 0, 0, 10, 1, 25, 12),
	(6769, '20:00:00', '2024-05-17', 1, 0, 0, 10, 1, 25, 12),
	(6770, '09:00:00', '2024-05-17', 1, 0, 0, 10, 2, 25, 12),
	(6771, '10:00:00', '2024-05-17', 1, 0, 0, 10, 2, 25, 12),
	(6772, '11:00:00', '2024-05-17', 1, 0, 0, 10, 2, 25, 12),
	(6773, '12:00:00', '2024-05-17', 1, 0, 0, 10, 2, 25, 12),
	(6774, '13:00:00', '2024-05-17', 1, 0, 0, 10, 2, 25, 12),
	(6775, '14:00:00', '2024-05-17', 1, 0, 0, 10, 2, 25, 12),
	(6776, '16:00:00', '2024-05-17', 1, 0, 0, 10, 2, 25, 12),
	(6777, '17:00:00', '2024-05-17', 1, 0, 0, 10, 2, 25, 12),
	(6778, '18:00:00', '2024-05-17', 1, 0, 0, 10, 2, 25, 12),
	(6779, '19:00:00', '2024-05-17', 1, 0, 0, 10, 2, 25, 12),
	(6780, '20:00:00', '2024-05-17', 1, 0, 0, 10, 2, 25, 12),
	(6781, '09:00:00', '2024-05-18', 1, 0, 0, 10, 1, 25, 13),
	(6782, '10:00:00', '2024-05-18', 1, 0, 0, 10, 1, 25, 13),
	(6783, '11:00:00', '2024-05-18', 1, 0, 0, 10, 1, 25, 13),
	(6784, '12:00:00', '2024-05-18', 1, 0, 0, 10, 1, 25, 13),
	(6785, '13:00:00', '2024-05-18', 1, 0, 0, 10, 1, 25, 13),
	(6786, '17:00:00', '2024-05-18', 1, 0, 0, 10, 1, 25, 13),
	(6787, '18:00:00', '2024-05-18', 1, 0, 0, 10, 1, 25, 13),
	(6788, '19:00:00', '2024-05-18', 1, 0, 0, 10, 1, 25, 13),
	(6789, '09:00:00', '2024-05-18', 1, 0, 0, 10, 2, 25, 13),
	(6790, '10:00:00', '2024-05-18', 1, 0, 0, 10, 2, 25, 13),
	(6791, '11:00:00', '2024-05-18', 1, 0, 0, 10, 2, 25, 13),
	(6792, '12:00:00', '2024-05-18', 1, 0, 0, 10, 2, 25, 13),
	(6793, '13:00:00', '2024-05-18', 1, 0, 0, 10, 2, 25, 13),
	(6794, '17:00:00', '2024-05-18', 1, 0, 0, 10, 2, 25, 13),
	(6795, '18:00:00', '2024-05-18', 1, 0, 0, 10, 2, 25, 13),
	(6796, '19:00:00', '2024-05-18', 1, 0, 0, 10, 2, 25, 13),
	(6797, '09:00:00', '2024-05-19', 1, 0, 0, 10, 1, 25, 14),
	(6798, '10:00:00', '2024-05-19', 1, 0, 0, 10, 1, 25, 14),
	(6799, '11:00:00', '2024-05-19', 1, 0, 0, 10, 1, 25, 14),
	(6800, '12:00:00', '2024-05-19', 1, 0, 0, 10, 1, 25, 14),
	(6801, '13:00:00', '2024-05-19', 1, 0, 0, 10, 1, 25, 14),
	(6802, '00:00:00', '2024-05-19', 1, 0, 0, 10, 1, 25, 14),
	(6803, '09:00:00', '2024-05-19', 1, 0, 0, 10, 2, 25, 14),
	(6804, '10:00:00', '2024-05-19', 1, 0, 0, 10, 2, 25, 14),
	(6805, '11:00:00', '2024-05-19', 1, 0, 0, 10, 2, 25, 14),
	(6806, '12:00:00', '2024-05-19', 1, 0, 0, 10, 2, 25, 14),
	(6807, '13:00:00', '2024-05-19', 1, 0, 0, 10, 2, 25, 14),
	(6808, '00:00:00', '2024-05-19', 1, 0, 0, 10, 2, 25, 14),
	(6809, '09:00:00', '2024-05-20', 1, 0, 0, 10, 1, 25, 8),
	(6810, '10:00:00', '2024-05-20', 1, 0, 0, 10, 1, 25, 8),
	(6811, '11:00:00', '2024-05-20', 1, 0, 0, 10, 1, 25, 8),
	(6812, '12:00:00', '2024-05-20', 1, 0, 0, 10, 1, 25, 8),
	(6813, '13:00:00', '2024-05-20', 1, 0, 0, 10, 1, 25, 8),
	(6814, '14:00:00', '2024-05-20', 1, 0, 0, 10, 1, 25, 8),
	(6815, '16:00:00', '2024-05-20', 1, 0, 0, 10, 1, 25, 8),
	(6816, '17:00:00', '2024-05-20', 1, 0, 0, 10, 1, 25, 8),
	(6817, '18:00:00', '2024-05-20', 1, 0, 0, 10, 1, 25, 8),
	(6818, '19:00:00', '2024-05-20', 1, 0, 0, 10, 1, 25, 8),
	(6819, '20:00:00', '2024-05-20', 1, 0, 0, 10, 1, 25, 8),
	(6820, '09:00:00', '2024-05-20', 1, 0, 0, 10, 2, 25, 8),
	(6821, '10:00:00', '2024-05-20', 1, 0, 0, 10, 2, 25, 8),
	(6822, '11:00:00', '2024-05-20', 1, 0, 0, 10, 2, 25, 8),
	(6823, '12:00:00', '2024-05-20', 1, 0, 0, 10, 2, 25, 8),
	(6824, '13:00:00', '2024-05-20', 1, 0, 0, 10, 2, 25, 8),
	(6825, '14:00:00', '2024-05-20', 1, 0, 0, 10, 2, 25, 8),
	(6826, '16:00:00', '2024-05-20', 1, 0, 0, 10, 2, 25, 8),
	(6827, '17:00:00', '2024-05-20', 1, 0, 0, 10, 2, 25, 8),
	(6828, '18:00:00', '2024-05-20', 1, 0, 0, 10, 2, 25, 8),
	(6829, '19:00:00', '2024-05-20', 1, 0, 0, 10, 2, 25, 8),
	(6830, '20:00:00', '2024-05-20', 1, 0, 0, 10, 2, 25, 8),
	(6831, '09:00:00', '2024-05-21', 1, 0, 0, 10, 1, 25, 9),
	(6832, '10:00:00', '2024-05-21', 1, 0, 0, 10, 1, 25, 9),
	(6833, '11:00:00', '2024-05-21', 1, 0, 0, 10, 1, 25, 9),
	(6834, '12:00:00', '2024-05-21', 1, 0, 0, 10, 1, 25, 9),
	(6835, '13:00:00', '2024-05-21', 1, 0, 0, 10, 1, 25, 9),
	(6836, '14:00:00', '2024-05-21', 1, 0, 0, 10, 1, 25, 9),
	(6837, '16:00:00', '2024-05-21', 1, 0, 0, 10, 1, 25, 9),
	(6838, '17:00:00', '2024-05-21', 1, 0, 0, 10, 1, 25, 9),
	(6839, '18:00:00', '2024-05-21', 1, 0, 0, 10, 1, 25, 9),
	(6840, '19:00:00', '2024-05-21', 1, 0, 0, 10, 1, 25, 9),
	(6841, '20:00:00', '2024-05-21', 1, 0, 0, 10, 1, 25, 9),
	(6842, '09:00:00', '2024-05-21', 1, 0, 0, 10, 2, 25, 9),
	(6843, '10:00:00', '2024-05-21', 1, 0, 0, 10, 2, 25, 9),
	(6844, '11:00:00', '2024-05-21', 1, 0, 0, 10, 2, 25, 9),
	(6845, '12:00:00', '2024-05-21', 1, 0, 0, 10, 2, 25, 9),
	(6846, '13:00:00', '2024-05-21', 1, 0, 0, 10, 2, 25, 9),
	(6847, '14:00:00', '2024-05-21', 1, 0, 0, 10, 2, 25, 9),
	(6848, '16:00:00', '2024-05-21', 1, 0, 0, 10, 2, 25, 9),
	(6849, '17:00:00', '2024-05-21', 1, 0, 0, 10, 2, 25, 9),
	(6850, '18:00:00', '2024-05-21', 1, 0, 0, 10, 2, 25, 9),
	(6851, '19:00:00', '2024-05-21', 1, 0, 0, 10, 2, 25, 9),
	(6852, '20:00:00', '2024-05-21', 1, 0, 0, 10, 2, 25, 9),
	(6853, '09:00:00', '2024-05-22', 1, 0, 0, 10, 1, 25, 10),
	(6854, '10:00:00', '2024-05-22', 1, 0, 3, 10, 1, 25, 10),
	(6855, '11:00:00', '2024-05-22', 1, 0, 0, 10, 1, 25, 10),
	(6856, '12:00:00', '2024-05-22', 1, 0, 3, 10, 1, 25, 10),
	(6857, '13:00:00', '2024-05-22', 1, 0, 0, 10, 1, 25, 10),
	(6858, '14:00:00', '2024-05-22', 1, 0, 0, 10, 1, 25, 10),
	(6859, '16:00:00', '2024-05-22', 1, 0, 0, 10, 1, 25, 10),
	(6860, '17:00:00', '2024-05-22', 1, 0, 0, 10, 1, 25, 10),
	(6861, '18:00:00', '2024-05-22', 1, 0, 0, 10, 1, 25, 10),
	(6862, '19:00:00', '2024-05-22', 1, 0, 0, 10, 1, 25, 10),
	(6863, '20:00:00', '2024-05-22', 1, 0, 0, 10, 1, 25, 10),
	(6864, '09:00:00', '2024-05-22', 1, 0, 0, 10, 2, 25, 10),
	(6865, '10:00:00', '2024-05-22', 1, 0, 0, 10, 2, 25, 10),
	(6866, '11:00:00', '2024-05-22', 1, 0, 0, 10, 2, 25, 10),
	(6867, '12:00:00', '2024-05-22', 1, 0, 0, 10, 2, 25, 10),
	(6868, '13:00:00', '2024-05-22', 1, 0, 0, 10, 2, 25, 10),
	(6869, '14:00:00', '2024-05-22', 1, 0, 0, 10, 2, 25, 10),
	(6870, '16:00:00', '2024-05-22', 1, 0, 0, 10, 2, 25, 10),
	(6871, '17:00:00', '2024-05-22', 1, 0, 0, 10, 2, 25, 10),
	(6872, '18:00:00', '2024-05-22', 1, 0, 0, 10, 2, 25, 10),
	(6873, '19:00:00', '2024-05-22', 1, 0, 0, 10, 2, 25, 10),
	(6874, '20:00:00', '2024-05-22', 1, 0, 0, 10, 2, 25, 10),
	(6875, '09:00:00', '2024-05-23', 1, 0, 1, 10, 1, 25, 11),
	(6876, '10:00:00', '2024-05-23', 1, 0, 1, 10, 1, 25, 11),
	(6877, '11:00:00', '2024-05-23', 1, 1, 20, 10, 1, 25, 11),
	(6878, '12:00:00', '2024-05-23', 1, 0, 0, 10, 1, 25, 11),
	(6879, '13:00:00', '2024-05-23', 1, 0, 0, 10, 1, 25, 11),
	(6880, '14:00:00', '2024-05-23', 1, 0, 0, 10, 1, 25, 11),
	(6881, '16:00:00', '2024-05-23', 1, 1, 10, 10, 1, 25, 11),
	(6882, '17:00:00', '2024-05-23', 1, 0, 0, 10, 1, 25, 11),
	(6883, '18:00:00', '2024-05-23', 1, 0, 0, 10, 1, 25, 11),
	(6884, '19:00:00', '2024-05-23', 1, 0, 0, 10, 1, 25, 11),
	(6885, '20:00:00', '2024-05-23', 1, 0, 0, 10, 1, 25, 11),
	(6886, '09:00:00', '2024-05-23', 1, 0, 0, 10, 2, 25, 11),
	(6887, '10:00:00', '2024-05-23', 1, 0, 0, 10, 2, 25, 11),
	(6888, '11:00:00', '2024-05-23', 1, 0, 0, 10, 2, 25, 11),
	(6889, '12:00:00', '2024-05-23', 1, 0, 0, 10, 2, 25, 11),
	(6890, '13:00:00', '2024-05-23', 1, 0, 0, 10, 2, 25, 11),
	(6891, '14:00:00', '2024-05-23', 1, 0, 0, 10, 2, 25, 11),
	(6892, '16:00:00', '2024-05-23', 1, 0, 0, 10, 2, 25, 11),
	(6893, '17:00:00', '2024-05-23', 1, 0, 0, 10, 2, 25, 11),
	(6894, '18:00:00', '2024-05-23', 1, 0, 0, 10, 2, 25, 11),
	(6895, '19:00:00', '2024-05-23', 1, 0, 0, 10, 2, 25, 11),
	(6896, '20:00:00', '2024-05-23', 1, 0, 0, 10, 2, 25, 11),
	(6897, '09:00:00', '2024-05-24', 1, 0, 0, 10, 1, 25, 12),
	(6898, '10:00:00', '2024-05-24', 1, 1, 10, 10, 1, 25, 12),
	(6899, '11:00:00', '2024-05-24', 1, 0, 0, 10, 1, 25, 12),
	(6900, '12:00:00', '2024-05-24', 1, 0, 0, 10, 1, 25, 12),
	(6901, '13:00:00', '2024-05-24', 1, 0, 6, 10, 1, 25, 12),
	(6902, '14:00:00', '2024-05-24', 1, 0, 0, 10, 1, 25, 12),
	(6903, '16:00:00', '2024-05-24', 1, 0, 0, 10, 1, 25, 12),
	(6904, '17:00:00', '2024-05-24', 1, 0, 0, 10, 1, 25, 12),
	(6905, '18:00:00', '2024-05-24', 1, 0, 0, 10, 1, 25, 12),
	(6906, '19:00:00', '2024-05-24', 1, 0, 4, 10, 1, 25, 12),
	(6907, '20:00:00', '2024-05-24', 1, 0, 8, 10, 1, 25, 12),
	(6908, '09:00:00', '2024-05-24', 1, 0, 0, 10, 2, 25, 12),
	(6909, '10:00:00', '2024-05-24', 1, 0, 0, 10, 2, 25, 12),
	(6910, '11:00:00', '2024-05-24', 1, 0, 0, 10, 2, 25, 12),
	(6911, '12:00:00', '2024-05-24', 1, 0, 0, 10, 2, 25, 12),
	(6912, '13:00:00', '2024-05-24', 1, 0, 0, 10, 2, 25, 12),
	(6913, '14:00:00', '2024-05-24', 1, 0, 0, 10, 2, 25, 12),
	(6914, '16:00:00', '2024-05-24', 1, 0, 0, 10, 2, 25, 12),
	(6915, '17:00:00', '2024-05-24', 1, 0, 0, 10, 2, 25, 12),
	(6916, '18:00:00', '2024-05-24', 1, 0, 0, 10, 2, 25, 12),
	(6917, '19:00:00', '2024-05-24', 1, 0, 0, 10, 2, 25, 12),
	(6918, '20:00:00', '2024-05-24', 1, 0, 0, 10, 2, 25, 12),
	(6919, '09:00:00', '2024-05-25', 1, 0, 0, 10, 1, 25, 13),
	(6920, '10:00:00', '2024-05-25', 1, 0, 0, 10, 1, 25, 13),
	(6921, '11:00:00', '2024-05-25', 1, 0, 0, 10, 1, 25, 13),
	(6922, '12:00:00', '2024-05-25', 1, 0, 0, 10, 1, 25, 13),
	(6923, '13:00:00', '2024-05-25', 1, 0, 0, 10, 1, 25, 13),
	(6924, '17:00:00', '2024-05-25', 1, 0, 0, 10, 1, 25, 13),
	(6925, '18:00:00', '2024-05-25', 1, 0, 0, 10, 1, 25, 13),
	(6926, '19:00:00', '2024-05-25', 1, 0, 0, 10, 1, 25, 13),
	(6927, '09:00:00', '2024-05-25', 1, 0, 0, 10, 2, 25, 13),
	(6928, '10:00:00', '2024-05-25', 1, 0, 0, 10, 2, 25, 13),
	(6929, '11:00:00', '2024-05-25', 1, 0, 0, 10, 2, 25, 13),
	(6930, '12:00:00', '2024-05-25', 1, 0, 0, 10, 2, 25, 13),
	(6931, '13:00:00', '2024-05-25', 1, 0, 0, 10, 2, 25, 13),
	(6932, '17:00:00', '2024-05-25', 1, 0, 0, 10, 2, 25, 13),
	(6933, '18:00:00', '2024-05-25', 1, 0, 0, 10, 2, 25, 13),
	(6934, '19:00:00', '2024-05-25', 1, 0, 0, 10, 2, 25, 13),
	(6935, '09:00:00', '2024-05-26', 1, 1, 1, 10, 1, 25, 14),
	(6936, '10:00:00', '2024-05-26', 1, 0, 9, 10, 1, 25, 14),
	(6937, '11:00:00', '2024-05-26', 1, 0, 0, 10, 1, 25, 14),
	(6938, '12:00:00', '2024-05-26', 1, 1, 10, 10, 1, 25, 14),
	(6939, '13:00:00', '2024-05-26', 1, 0, 0, 10, 1, 25, 14),
	(6940, '00:00:00', '2024-05-26', 1, 0, 0, 10, 1, 25, 14),
	(6941, '09:00:00', '2024-05-26', 1, 0, 0, 10, 2, 25, 14),
	(6942, '10:00:00', '2024-05-26', 1, 0, 0, 10, 2, 25, 14),
	(6943, '11:00:00', '2024-05-26', 1, 0, 0, 10, 2, 25, 14),
	(6944, '12:00:00', '2024-05-26', 1, 0, 0, 10, 2, 25, 14),
	(6945, '13:00:00', '2024-05-26', 1, 0, 0, 10, 2, 25, 14),
	(6946, '00:00:00', '2024-05-26', 1, 0, 0, 10, 2, 25, 14),
	(6947, '09:00:00', '2024-05-27', 1, 0, 0, 10, 1, 25, 8),
	(6948, '10:00:00', '2024-05-27', 1, 0, 0, 10, 1, 25, 8),
	(6949, '11:00:00', '2024-05-27', 1, 0, 0, 10, 1, 25, 8),
	(6950, '12:00:00', '2024-05-27', 1, 0, 0, 10, 1, 25, 8),
	(6951, '13:00:00', '2024-05-27', 1, 0, 0, 10, 1, 25, 8),
	(6952, '14:00:00', '2024-05-27', 1, 0, 0, 10, 1, 25, 8),
	(6953, '16:00:00', '2024-05-27', 1, 0, 0, 10, 1, 25, 8),
	(6954, '17:00:00', '2024-05-27', 1, 0, 0, 10, 1, 25, 8),
	(6955, '18:00:00', '2024-05-27', 1, 0, 0, 10, 1, 25, 8),
	(6956, '19:00:00', '2024-05-27', 1, 0, 0, 10, 1, 25, 8),
	(6957, '20:00:00', '2024-05-27', 1, 0, 0, 10, 1, 25, 8),
	(6958, '09:00:00', '2024-05-27', 1, 0, 0, 10, 2, 25, 8),
	(6959, '10:00:00', '2024-05-27', 1, 0, 0, 10, 2, 25, 8),
	(6960, '11:00:00', '2024-05-27', 1, 0, 0, 10, 2, 25, 8),
	(6961, '12:00:00', '2024-05-27', 1, 0, 0, 10, 2, 25, 8),
	(6962, '13:00:00', '2024-05-27', 1, 0, 0, 10, 2, 25, 8),
	(6963, '14:00:00', '2024-05-27', 1, 0, 0, 10, 2, 25, 8),
	(6964, '16:00:00', '2024-05-27', 1, 0, 0, 10, 2, 25, 8),
	(6965, '17:00:00', '2024-05-27', 1, 0, 0, 10, 2, 25, 8),
	(6966, '18:00:00', '2024-05-27', 1, 0, 0, 10, 2, 25, 8),
	(6967, '19:00:00', '2024-05-27', 1, 0, 0, 10, 2, 25, 8),
	(6968, '20:00:00', '2024-05-27', 1, 0, 0, 10, 2, 25, 8),
	(6969, '09:00:00', '2024-05-28', 1, 0, 0, 10, 1, 25, 9),
	(6970, '10:00:00', '2024-05-28', 1, 0, 0, 10, 1, 25, 9),
	(6971, '11:00:00', '2024-05-28', 1, 0, 0, 10, 1, 25, 9),
	(6972, '12:00:00', '2024-05-28', 1, 0, 0, 10, 1, 25, 9),
	(6973, '13:00:00', '2024-05-28', 1, 0, 0, 10, 1, 25, 9),
	(6974, '14:00:00', '2024-05-28', 1, 0, 0, 10, 1, 25, 9),
	(6975, '16:00:00', '2024-05-28', 1, 0, 0, 10, 1, 25, 9),
	(6976, '17:00:00', '2024-05-28', 1, 0, 0, 10, 1, 25, 9),
	(6977, '18:00:00', '2024-05-28', 1, 0, 0, 10, 1, 25, 9),
	(6978, '19:00:00', '2024-05-28', 1, 0, 0, 10, 1, 25, 9),
	(6979, '20:00:00', '2024-05-28', 1, 0, 0, 10, 1, 25, 9),
	(6980, '09:00:00', '2024-05-28', 1, 0, 0, 10, 2, 25, 9),
	(6981, '10:00:00', '2024-05-28', 1, 0, 0, 10, 2, 25, 9),
	(6982, '11:00:00', '2024-05-28', 1, 0, 0, 10, 2, 25, 9),
	(6983, '12:00:00', '2024-05-28', 1, 0, 0, 10, 2, 25, 9),
	(6984, '13:00:00', '2024-05-28', 1, 0, 0, 10, 2, 25, 9),
	(6985, '14:00:00', '2024-05-28', 1, 0, 0, 10, 2, 25, 9),
	(6986, '16:00:00', '2024-05-28', 1, 0, 0, 10, 2, 25, 9),
	(6987, '17:00:00', '2024-05-28', 1, 0, 0, 10, 2, 25, 9),
	(6988, '18:00:00', '2024-05-28', 1, 0, 0, 10, 2, 25, 9),
	(6989, '19:00:00', '2024-05-28', 1, 0, 0, 10, 2, 25, 9),
	(6990, '20:00:00', '2024-05-28', 1, 0, 0, 10, 2, 25, 9),
	(6991, '09:00:00', '2024-05-29', 1, 0, 0, 10, 1, 25, 10),
	(6992, '10:00:00', '2024-05-29', 1, 0, 0, 10, 1, 25, 10),
	(6993, '11:00:00', '2024-05-29', 1, 0, 0, 10, 1, 25, 10),
	(6994, '12:00:00', '2024-05-29', 1, 0, 0, 10, 1, 25, 10),
	(6995, '13:00:00', '2024-05-29', 1, 0, 0, 10, 1, 25, 10),
	(6996, '14:00:00', '2024-05-29', 1, 0, 0, 10, 1, 25, 10),
	(6997, '16:00:00', '2024-05-29', 1, 0, 0, 10, 1, 25, 10),
	(6998, '17:00:00', '2024-05-29', 1, 0, 0, 10, 1, 25, 10),
	(6999, '18:00:00', '2024-05-29', 1, 0, 0, 10, 1, 25, 10),
	(7000, '19:00:00', '2024-05-29', 1, 0, 0, 10, 1, 25, 10),
	(7001, '20:00:00', '2024-05-29', 1, 0, 0, 10, 1, 25, 10),
	(7002, '09:00:00', '2024-05-29', 1, 0, 0, 10, 2, 25, 10),
	(7003, '10:00:00', '2024-05-29', 1, 0, 0, 10, 2, 25, 10),
	(7004, '11:00:00', '2024-05-29', 1, 0, 0, 10, 2, 25, 10),
	(7005, '12:00:00', '2024-05-29', 1, 0, 0, 10, 2, 25, 10),
	(7006, '13:00:00', '2024-05-29', 1, 0, 0, 10, 2, 25, 10),
	(7007, '14:00:00', '2024-05-29', 1, 0, 0, 10, 2, 25, 10),
	(7008, '16:00:00', '2024-05-29', 1, 0, 0, 10, 2, 25, 10),
	(7009, '17:00:00', '2024-05-29', 1, 0, 0, 10, 2, 25, 10),
	(7010, '18:00:00', '2024-05-29', 1, 0, 0, 10, 2, 25, 10),
	(7011, '19:00:00', '2024-05-29', 1, 0, 0, 10, 2, 25, 10),
	(7012, '20:00:00', '2024-05-29', 1, 0, 0, 10, 2, 25, 10),
	(7013, '09:00:00', '2024-05-30', 1, 0, 0, 10, 1, 25, 11),
	(7014, '10:00:00', '2024-05-30', 1, 0, 0, 10, 1, 25, 11),
	(7015, '11:00:00', '2024-05-30', 1, 0, 0, 10, 1, 25, 11),
	(7016, '12:00:00', '2024-05-30', 1, 0, 0, 10, 1, 25, 11),
	(7017, '13:00:00', '2024-05-30', 1, 0, 0, 10, 1, 25, 11),
	(7018, '14:00:00', '2024-05-30', 1, 0, 0, 10, 1, 25, 11),
	(7019, '16:00:00', '2024-05-30', 1, 0, 0, 10, 1, 25, 11),
	(7020, '17:00:00', '2024-05-30', 1, 0, 0, 10, 1, 25, 11),
	(7021, '18:00:00', '2024-05-30', 1, 0, 0, 10, 1, 25, 11),
	(7022, '19:00:00', '2024-05-30', 1, 0, 0, 10, 1, 25, 11),
	(7023, '20:00:00', '2024-05-30', 1, 0, 0, 10, 1, 25, 11),
	(7024, '09:00:00', '2024-05-30', 1, 0, 0, 10, 2, 25, 11),
	(7025, '10:00:00', '2024-05-30', 1, 0, 0, 10, 2, 25, 11),
	(7026, '11:00:00', '2024-05-30', 1, 0, 0, 10, 2, 25, 11),
	(7027, '12:00:00', '2024-05-30', 1, 0, 0, 10, 2, 25, 11),
	(7028, '13:00:00', '2024-05-30', 1, 0, 0, 10, 2, 25, 11),
	(7029, '14:00:00', '2024-05-30', 1, 0, 0, 10, 2, 25, 11),
	(7030, '16:00:00', '2024-05-30', 1, 0, 0, 10, 2, 25, 11),
	(7031, '17:00:00', '2024-05-30', 1, 0, 0, 10, 2, 25, 11),
	(7032, '18:00:00', '2024-05-30', 1, 0, 0, 10, 2, 25, 11),
	(7033, '19:00:00', '2024-05-30', 1, 0, 0, 10, 2, 25, 11),
	(7034, '20:00:00', '2024-05-30', 1, 0, 0, 10, 2, 25, 11),
	(7035, '09:00:00', '2024-05-31', 1, 0, 0, 10, 1, 25, 12),
	(7036, '10:00:00', '2024-05-31', 1, 0, 0, 10, 1, 25, 12),
	(7037, '11:00:00', '2024-05-31', 1, 0, 0, 10, 1, 25, 12),
	(7038, '12:00:00', '2024-05-31', 1, 0, 0, 10, 1, 25, 12),
	(7039, '13:00:00', '2024-05-31', 1, 0, 0, 10, 1, 25, 12),
	(7040, '14:00:00', '2024-05-31', 1, 0, 0, 10, 1, 25, 12),
	(7041, '16:00:00', '2024-05-31', 1, 0, 0, 10, 1, 25, 12),
	(7042, '17:00:00', '2024-05-31', 1, 0, 0, 10, 1, 25, 12),
	(7043, '18:00:00', '2024-05-31', 1, 0, 0, 10, 1, 25, 12),
	(7044, '19:00:00', '2024-05-31', 1, 0, 0, 10, 1, 25, 12),
	(7045, '20:00:00', '2024-05-31', 1, 0, 0, 10, 1, 25, 12),
	(7046, '09:00:00', '2024-05-31', 1, 0, 0, 10, 2, 25, 12),
	(7047, '10:00:00', '2024-05-31', 1, 0, 0, 10, 2, 25, 12),
	(7048, '11:00:00', '2024-05-31', 1, 0, 0, 10, 2, 25, 12),
	(7049, '12:00:00', '2024-05-31', 1, 0, 0, 10, 2, 25, 12),
	(7050, '13:00:00', '2024-05-31', 1, 0, 0, 10, 2, 25, 12),
	(7051, '14:00:00', '2024-05-31', 1, 0, 0, 10, 2, 25, 12),
	(7052, '16:00:00', '2024-05-31', 1, 0, 0, 10, 2, 25, 12),
	(7053, '17:00:00', '2024-05-31', 1, 0, 0, 10, 2, 25, 12),
	(7054, '18:00:00', '2024-05-31', 1, 0, 0, 10, 2, 25, 12),
	(7055, '19:00:00', '2024-05-31', 1, 0, 0, 10, 2, 25, 12),
	(7056, '20:00:00', '2024-05-31', 1, 0, 0, 10, 2, 25, 12),
	(7057, '09:00:00', '2024-06-01', 1, 0, 0, 10, 1, 25, 13),
	(7058, '10:00:00', '2024-06-01', 1, 0, 0, 10, 1, 25, 13),
	(7059, '11:00:00', '2024-06-01', 1, 0, 0, 10, 1, 25, 13),
	(7060, '12:00:00', '2024-06-01', 1, 0, 0, 10, 1, 25, 13),
	(7061, '13:00:00', '2024-06-01', 1, 0, 0, 10, 1, 25, 13),
	(7062, '17:00:00', '2024-06-01', 1, 0, 0, 10, 1, 25, 13),
	(7063, '18:00:00', '2024-06-01', 1, 0, 0, 10, 1, 25, 13),
	(7064, '19:00:00', '2024-06-01', 1, 0, 0, 10, 1, 25, 13),
	(7065, '09:00:00', '2024-06-01', 1, 0, 0, 10, 2, 25, 13),
	(7066, '10:00:00', '2024-06-01', 1, 0, 0, 10, 2, 25, 13),
	(7067, '11:00:00', '2024-06-01', 1, 0, 0, 10, 2, 25, 13),
	(7068, '12:00:00', '2024-06-01', 1, 0, 0, 10, 2, 25, 13),
	(7069, '13:00:00', '2024-06-01', 1, 0, 0, 10, 2, 25, 13),
	(7070, '17:00:00', '2024-06-01', 1, 0, 0, 10, 2, 25, 13),
	(7071, '18:00:00', '2024-06-01', 1, 0, 0, 10, 2, 25, 13),
	(7072, '19:00:00', '2024-06-01', 1, 0, 0, 10, 2, 25, 13),
	(7073, '09:00:00', '2024-06-02', 1, 0, 0, 10, 1, 25, 14),
	(7074, '10:00:00', '2024-06-02', 1, 0, 0, 10, 1, 25, 14),
	(7075, '11:00:00', '2024-06-02', 1, 0, 0, 10, 1, 25, 14),
	(7076, '12:00:00', '2024-06-02', 1, 0, 0, 10, 1, 25, 14),
	(7077, '13:00:00', '2024-06-02', 1, 0, 0, 10, 1, 25, 14),
	(7078, '00:00:00', '2024-06-02', 1, 0, 0, 10, 1, 25, 14),
	(7079, '09:00:00', '2024-06-02', 1, 0, 0, 10, 2, 25, 14),
	(7080, '10:00:00', '2024-06-02', 1, 0, 0, 10, 2, 25, 14),
	(7081, '11:00:00', '2024-06-02', 1, 0, 0, 10, 2, 25, 14),
	(7082, '12:00:00', '2024-06-02', 1, 0, 0, 10, 2, 25, 14),
	(7083, '13:00:00', '2024-06-02', 1, 0, 0, 10, 2, 25, 14),
	(7084, '00:00:00', '2024-06-02', 1, 0, 0, 10, 2, 25, 14),
	(7085, '09:00:00', '2024-06-03', 1, 0, 0, 10, 1, 25, 8),
	(7086, '10:00:00', '2024-06-03', 1, 0, 0, 10, 1, 25, 8),
	(7087, '11:00:00', '2024-06-03', 1, 0, 0, 10, 1, 25, 8),
	(7088, '12:00:00', '2024-06-03', 1, 0, 0, 10, 1, 25, 8),
	(7089, '13:00:00', '2024-06-03', 1, 0, 0, 10, 1, 25, 8),
	(7090, '14:00:00', '2024-06-03', 1, 0, 0, 10, 1, 25, 8),
	(7091, '16:00:00', '2024-06-03', 1, 0, 0, 10, 1, 25, 8),
	(7092, '17:00:00', '2024-06-03', 1, 0, 0, 10, 1, 25, 8),
	(7093, '18:00:00', '2024-06-03', 1, 0, 0, 10, 1, 25, 8),
	(7094, '19:00:00', '2024-06-03', 1, 0, 0, 10, 1, 25, 8),
	(7095, '20:00:00', '2024-06-03', 1, 0, 0, 10, 1, 25, 8),
	(7096, '09:00:00', '2024-06-03', 1, 0, 0, 10, 2, 25, 8),
	(7097, '10:00:00', '2024-06-03', 1, 0, 0, 10, 2, 25, 8),
	(7098, '11:00:00', '2024-06-03', 1, 0, 0, 10, 2, 25, 8),
	(7099, '12:00:00', '2024-06-03', 1, 0, 0, 10, 2, 25, 8),
	(7100, '13:00:00', '2024-06-03', 1, 0, 0, 10, 2, 25, 8),
	(7101, '14:00:00', '2024-06-03', 1, 0, 0, 10, 2, 25, 8),
	(7102, '16:00:00', '2024-06-03', 1, 0, 0, 10, 2, 25, 8),
	(7103, '17:00:00', '2024-06-03', 1, 0, 0, 10, 2, 25, 8),
	(7104, '18:00:00', '2024-06-03', 1, 0, 0, 10, 2, 25, 8),
	(7105, '19:00:00', '2024-06-03', 1, 0, 0, 10, 2, 25, 8),
	(7106, '20:00:00', '2024-06-03', 1, 0, 0, 10, 2, 25, 8),
	(7107, '09:00:00', '2024-06-04', 1, 0, 0, 10, 1, 25, 9),
	(7108, '10:00:00', '2024-06-04', 1, 0, 0, 10, 1, 25, 9),
	(7109, '11:00:00', '2024-06-04', 1, 0, 0, 10, 1, 25, 9),
	(7110, '12:00:00', '2024-06-04', 1, 0, 0, 10, 1, 25, 9),
	(7111, '13:00:00', '2024-06-04', 1, 0, 0, 10, 1, 25, 9),
	(7112, '14:00:00', '2024-06-04', 1, 0, 0, 10, 1, 25, 9),
	(7113, '16:00:00', '2024-06-04', 1, 0, 0, 10, 1, 25, 9),
	(7114, '17:00:00', '2024-06-04', 1, 0, 0, 10, 1, 25, 9),
	(7115, '18:00:00', '2024-06-04', 1, 0, 0, 10, 1, 25, 9),
	(7116, '19:00:00', '2024-06-04', 1, 0, 0, 10, 1, 25, 9),
	(7117, '20:00:00', '2024-06-04', 1, 0, 0, 10, 1, 25, 9),
	(7118, '09:00:00', '2024-06-04', 1, 0, 0, 10, 2, 25, 9),
	(7119, '10:00:00', '2024-06-04', 1, 0, 0, 10, 2, 25, 9),
	(7120, '11:00:00', '2024-06-04', 1, 0, 0, 10, 2, 25, 9),
	(7121, '12:00:00', '2024-06-04', 1, 0, 0, 10, 2, 25, 9),
	(7122, '13:00:00', '2024-06-04', 1, 0, 0, 10, 2, 25, 9),
	(7123, '14:00:00', '2024-06-04', 1, 0, 0, 10, 2, 25, 9),
	(7124, '16:00:00', '2024-06-04', 1, 0, 0, 10, 2, 25, 9),
	(7125, '17:00:00', '2024-06-04', 1, 0, 0, 10, 2, 25, 9),
	(7126, '18:00:00', '2024-06-04', 1, 0, 0, 10, 2, 25, 9),
	(7127, '19:00:00', '2024-06-04', 1, 0, 0, 10, 2, 25, 9),
	(7128, '20:00:00', '2024-06-04', 1, 0, 0, 10, 2, 25, 9),
	(7129, '09:00:00', '2024-06-05', 1, 0, 0, 10, 1, 25, 10),
	(7130, '10:00:00', '2024-06-05', 1, 0, 0, 10, 1, 25, 10),
	(7131, '11:00:00', '2024-06-05', 1, 0, 0, 10, 1, 25, 10),
	(7132, '12:00:00', '2024-06-05', 1, 0, 0, 10, 1, 25, 10),
	(7133, '13:00:00', '2024-06-05', 1, 0, 0, 10, 1, 25, 10),
	(7134, '14:00:00', '2024-06-05', 1, 0, 0, 10, 1, 25, 10),
	(7135, '16:00:00', '2024-06-05', 1, 0, 0, 10, 1, 25, 10),
	(7136, '17:00:00', '2024-06-05', 1, 0, 0, 10, 1, 25, 10),
	(7137, '18:00:00', '2024-06-05', 1, 0, 0, 10, 1, 25, 10),
	(7138, '19:00:00', '2024-06-05', 1, 0, 0, 10, 1, 25, 10),
	(7139, '20:00:00', '2024-06-05', 1, 0, 0, 10, 1, 25, 10),
	(7140, '09:00:00', '2024-06-05', 1, 0, 0, 10, 2, 25, 10),
	(7141, '10:00:00', '2024-06-05', 1, 0, 0, 10, 2, 25, 10),
	(7142, '11:00:00', '2024-06-05', 1, 0, 0, 10, 2, 25, 10),
	(7143, '12:00:00', '2024-06-05', 1, 0, 0, 10, 2, 25, 10),
	(7144, '13:00:00', '2024-06-05', 1, 0, 0, 10, 2, 25, 10),
	(7145, '14:00:00', '2024-06-05', 1, 0, 0, 10, 2, 25, 10),
	(7146, '16:00:00', '2024-06-05', 1, 0, 0, 10, 2, 25, 10),
	(7147, '17:00:00', '2024-06-05', 1, 0, 0, 10, 2, 25, 10),
	(7148, '18:00:00', '2024-06-05', 1, 0, 0, 10, 2, 25, 10),
	(7149, '19:00:00', '2024-06-05', 1, 0, 0, 10, 2, 25, 10),
	(7150, '20:00:00', '2024-06-05', 1, 0, 0, 10, 2, 25, 10),
	(7151, '09:00:00', '2024-06-06', 1, 0, 0, 10, 1, 25, 11),
	(7152, '10:00:00', '2024-06-06', 1, 0, 0, 10, 1, 25, 11),
	(7153, '11:00:00', '2024-06-06', 1, 0, 0, 10, 1, 25, 11),
	(7154, '12:00:00', '2024-06-06', 1, 0, 0, 10, 1, 25, 11),
	(7155, '13:00:00', '2024-06-06', 1, 0, 0, 10, 1, 25, 11),
	(7156, '14:00:00', '2024-06-06', 1, 0, 0, 10, 1, 25, 11),
	(7157, '16:00:00', '2024-06-06', 1, 0, 0, 10, 1, 25, 11),
	(7158, '17:00:00', '2024-06-06', 1, 0, 0, 10, 1, 25, 11),
	(7159, '18:00:00', '2024-06-06', 1, 0, 0, 10, 1, 25, 11),
	(7160, '19:00:00', '2024-06-06', 1, 0, 0, 10, 1, 25, 11),
	(7161, '20:00:00', '2024-06-06', 1, 0, 0, 10, 1, 25, 11),
	(7162, '09:00:00', '2024-06-06', 1, 0, 0, 10, 2, 25, 11),
	(7163, '10:00:00', '2024-06-06', 1, 0, 0, 10, 2, 25, 11),
	(7164, '11:00:00', '2024-06-06', 1, 0, 0, 10, 2, 25, 11),
	(7165, '12:00:00', '2024-06-06', 1, 0, 0, 10, 2, 25, 11),
	(7166, '13:00:00', '2024-06-06', 1, 0, 0, 10, 2, 25, 11),
	(7167, '14:00:00', '2024-06-06', 1, 0, 0, 10, 2, 25, 11),
	(7168, '16:00:00', '2024-06-06', 1, 0, 0, 10, 2, 25, 11),
	(7169, '17:00:00', '2024-06-06', 1, 0, 0, 10, 2, 25, 11),
	(7170, '18:00:00', '2024-06-06', 1, 0, 0, 10, 2, 25, 11),
	(7171, '19:00:00', '2024-06-06', 1, 0, 0, 10, 2, 25, 11),
	(7172, '20:00:00', '2024-06-06', 1, 0, 0, 10, 2, 25, 11),
	(7173, '09:00:00', '2024-06-07', 1, 0, 0, 10, 1, 25, 12),
	(7174, '10:00:00', '2024-06-07', 1, 0, 0, 10, 1, 25, 12),
	(7175, '11:00:00', '2024-06-07', 1, 0, 0, 10, 1, 25, 12),
	(7176, '12:00:00', '2024-06-07', 1, 0, 0, 10, 1, 25, 12),
	(7177, '13:00:00', '2024-06-07', 1, 0, 0, 10, 1, 25, 12),
	(7178, '14:00:00', '2024-06-07', 1, 0, 0, 10, 1, 25, 12),
	(7179, '16:00:00', '2024-06-07', 1, 0, 0, 10, 1, 25, 12),
	(7180, '17:00:00', '2024-06-07', 1, 0, 0, 10, 1, 25, 12),
	(7181, '18:00:00', '2024-06-07', 1, 0, 0, 10, 1, 25, 12),
	(7182, '19:00:00', '2024-06-07', 1, 0, 0, 10, 1, 25, 12),
	(7183, '20:00:00', '2024-06-07', 1, 0, 0, 10, 1, 25, 12),
	(7184, '09:00:00', '2024-06-07', 1, 0, 0, 10, 2, 25, 12),
	(7185, '10:00:00', '2024-06-07', 1, 0, 0, 10, 2, 25, 12),
	(7186, '11:00:00', '2024-06-07', 1, 0, 0, 10, 2, 25, 12),
	(7187, '12:00:00', '2024-06-07', 1, 0, 0, 10, 2, 25, 12),
	(7188, '13:00:00', '2024-06-07', 1, 0, 0, 10, 2, 25, 12),
	(7189, '14:00:00', '2024-06-07', 1, 0, 0, 10, 2, 25, 12),
	(7190, '16:00:00', '2024-06-07', 1, 0, 0, 10, 2, 25, 12),
	(7191, '17:00:00', '2024-06-07', 1, 0, 0, 10, 2, 25, 12),
	(7192, '18:00:00', '2024-06-07', 1, 0, 0, 10, 2, 25, 12),
	(7193, '19:00:00', '2024-06-07', 1, 0, 0, 10, 2, 25, 12),
	(7194, '20:00:00', '2024-06-07', 1, 0, 0, 10, 2, 25, 12),
	(7195, '09:00:00', '2024-06-08', 1, 0, 0, 10, 1, 25, 13),
	(7196, '10:00:00', '2024-06-08', 1, 0, 0, 10, 1, 25, 13),
	(7197, '11:00:00', '2024-06-08', 1, 0, 0, 10, 1, 25, 13),
	(7198, '12:00:00', '2024-06-08', 1, 0, 0, 10, 1, 25, 13),
	(7199, '13:00:00', '2024-06-08', 1, 0, 0, 10, 1, 25, 13),
	(7200, '17:00:00', '2024-06-08', 1, 0, 0, 10, 1, 25, 13),
	(7201, '18:00:00', '2024-06-08', 1, 0, 0, 10, 1, 25, 13),
	(7202, '19:00:00', '2024-06-08', 1, 0, 0, 10, 1, 25, 13),
	(7203, '09:00:00', '2024-06-08', 1, 0, 0, 10, 2, 25, 13),
	(7204, '10:00:00', '2024-06-08', 1, 0, 0, 10, 2, 25, 13),
	(7205, '11:00:00', '2024-06-08', 1, 0, 0, 10, 2, 25, 13),
	(7206, '12:00:00', '2024-06-08', 1, 0, 0, 10, 2, 25, 13),
	(7207, '13:00:00', '2024-06-08', 1, 0, 0, 10, 2, 25, 13),
	(7208, '17:00:00', '2024-06-08', 1, 0, 0, 10, 2, 25, 13),
	(7209, '18:00:00', '2024-06-08', 1, 0, 0, 10, 2, 25, 13),
	(7210, '19:00:00', '2024-06-08', 1, 0, 0, 10, 2, 25, 13),
	(7211, '09:00:00', '2024-06-09', 1, 0, 0, 10, 1, 25, 14),
	(7212, '10:00:00', '2024-06-09', 1, 0, 0, 10, 1, 25, 14),
	(7213, '11:00:00', '2024-06-09', 1, 0, 0, 10, 1, 25, 14),
	(7214, '12:00:00', '2024-06-09', 1, 0, 0, 10, 1, 25, 14),
	(7215, '13:00:00', '2024-06-09', 1, 0, 0, 10, 1, 25, 14),
	(7216, '00:00:00', '2024-06-09', 1, 0, 0, 10, 1, 25, 14),
	(7217, '09:00:00', '2024-06-09', 1, 0, 0, 10, 2, 25, 14),
	(7218, '10:00:00', '2024-06-09', 1, 0, 0, 10, 2, 25, 14),
	(7219, '11:00:00', '2024-06-09', 1, 0, 0, 10, 2, 25, 14),
	(7220, '12:00:00', '2024-06-09', 1, 0, 0, 10, 2, 25, 14),
	(7221, '13:00:00', '2024-06-09', 1, 0, 0, 10, 2, 25, 14),
	(7222, '00:00:00', '2024-06-09', 1, 0, 0, 10, 2, 25, 14),
	(7223, '09:00:00', '2024-06-10', 1, 0, 0, 10, 1, 25, 8),
	(7224, '10:00:00', '2024-06-10', 1, 0, 0, 10, 1, 25, 8),
	(7225, '11:00:00', '2024-06-10', 1, 0, 0, 10, 1, 25, 8),
	(7226, '12:00:00', '2024-06-10', 1, 0, 0, 10, 1, 25, 8),
	(7227, '13:00:00', '2024-06-10', 1, 0, 0, 10, 1, 25, 8),
	(7228, '14:00:00', '2024-06-10', 1, 0, 0, 10, 1, 25, 8),
	(7229, '16:00:00', '2024-06-10', 1, 0, 0, 10, 1, 25, 8),
	(7230, '17:00:00', '2024-06-10', 1, 0, 0, 10, 1, 25, 8),
	(7231, '18:00:00', '2024-06-10', 1, 0, 0, 10, 1, 25, 8),
	(7232, '19:00:00', '2024-06-10', 1, 0, 0, 10, 1, 25, 8),
	(7233, '20:00:00', '2024-06-10', 1, 0, 0, 10, 1, 25, 8),
	(7234, '09:00:00', '2024-06-10', 1, 0, 0, 10, 2, 25, 8),
	(7235, '10:00:00', '2024-06-10', 1, 0, 0, 10, 2, 25, 8),
	(7236, '11:00:00', '2024-06-10', 1, 0, 0, 10, 2, 25, 8),
	(7237, '12:00:00', '2024-06-10', 1, 0, 0, 10, 2, 25, 8),
	(7238, '13:00:00', '2024-06-10', 1, 0, 0, 10, 2, 25, 8),
	(7239, '14:00:00', '2024-06-10', 1, 0, 0, 10, 2, 25, 8),
	(7240, '16:00:00', '2024-06-10', 1, 0, 0, 10, 2, 25, 8),
	(7241, '17:00:00', '2024-06-10', 1, 0, 0, 10, 2, 25, 8),
	(7242, '18:00:00', '2024-06-10', 1, 0, 0, 10, 2, 25, 8),
	(7243, '19:00:00', '2024-06-10', 1, 0, 0, 10, 2, 25, 8),
	(7244, '20:00:00', '2024-06-10', 1, 0, 0, 10, 2, 25, 8),
	(7245, '09:00:00', '2024-06-11', 1, 0, 0, 10, 1, 25, 9),
	(7246, '10:00:00', '2024-06-11', 1, 0, 0, 10, 1, 25, 9),
	(7247, '11:00:00', '2024-06-11', 1, 0, 0, 10, 1, 25, 9),
	(7248, '12:00:00', '2024-06-11', 1, 0, 0, 10, 1, 25, 9),
	(7249, '13:00:00', '2024-06-11', 1, 0, 0, 10, 1, 25, 9),
	(7250, '14:00:00', '2024-06-11', 1, 0, 0, 10, 1, 25, 9),
	(7251, '16:00:00', '2024-06-11', 1, 0, 0, 10, 1, 25, 9),
	(7252, '17:00:00', '2024-06-11', 1, 0, 0, 10, 1, 25, 9),
	(7253, '18:00:00', '2024-06-11', 1, 0, 0, 10, 1, 25, 9),
	(7254, '19:00:00', '2024-06-11', 1, 0, 0, 10, 1, 25, 9),
	(7255, '20:00:00', '2024-06-11', 1, 0, 0, 10, 1, 25, 9),
	(7256, '09:00:00', '2024-06-11', 1, 0, 0, 10, 2, 25, 9),
	(7257, '10:00:00', '2024-06-11', 1, 0, 0, 10, 2, 25, 9),
	(7258, '11:00:00', '2024-06-11', 1, 0, 0, 10, 2, 25, 9),
	(7259, '12:00:00', '2024-06-11', 1, 0, 0, 10, 2, 25, 9),
	(7260, '13:00:00', '2024-06-11', 1, 0, 0, 10, 2, 25, 9),
	(7261, '14:00:00', '2024-06-11', 1, 0, 0, 10, 2, 25, 9),
	(7262, '16:00:00', '2024-06-11', 1, 0, 0, 10, 2, 25, 9),
	(7263, '17:00:00', '2024-06-11', 1, 0, 0, 10, 2, 25, 9),
	(7264, '18:00:00', '2024-06-11', 1, 0, 0, 10, 2, 25, 9),
	(7265, '19:00:00', '2024-06-11', 1, 0, 0, 10, 2, 25, 9),
	(7266, '20:00:00', '2024-06-11', 1, 0, 0, 10, 2, 25, 9),
	(7267, '09:00:00', '2024-06-12', 1, 0, 0, 10, 1, 25, 10),
	(7268, '10:00:00', '2024-06-12', 1, 0, 0, 10, 1, 25, 10),
	(7269, '11:00:00', '2024-06-12', 1, 0, 0, 10, 1, 25, 10),
	(7270, '12:00:00', '2024-06-12', 1, 0, 0, 10, 1, 25, 10),
	(7271, '13:00:00', '2024-06-12', 1, 0, 0, 10, 1, 25, 10),
	(7272, '14:00:00', '2024-06-12', 1, 0, 0, 10, 1, 25, 10),
	(7273, '16:00:00', '2024-06-12', 1, 0, 0, 10, 1, 25, 10),
	(7274, '17:00:00', '2024-06-12', 1, 0, 0, 10, 1, 25, 10),
	(7275, '18:00:00', '2024-06-12', 1, 0, 0, 10, 1, 25, 10),
	(7276, '19:00:00', '2024-06-12', 1, 0, 0, 10, 1, 25, 10),
	(7277, '20:00:00', '2024-06-12', 1, 0, 0, 10, 1, 25, 10),
	(7278, '09:00:00', '2024-06-12', 1, 0, 0, 10, 2, 25, 10),
	(7279, '10:00:00', '2024-06-12', 1, 0, 0, 10, 2, 25, 10),
	(7280, '11:00:00', '2024-06-12', 1, 0, 0, 10, 2, 25, 10),
	(7281, '12:00:00', '2024-06-12', 1, 0, 0, 10, 2, 25, 10),
	(7282, '13:00:00', '2024-06-12', 1, 0, 0, 10, 2, 25, 10),
	(7283, '14:00:00', '2024-06-12', 1, 0, 0, 10, 2, 25, 10),
	(7284, '16:00:00', '2024-06-12', 1, 0, 0, 10, 2, 25, 10),
	(7285, '17:00:00', '2024-06-12', 1, 0, 0, 10, 2, 25, 10),
	(7286, '18:00:00', '2024-06-12', 1, 0, 0, 10, 2, 25, 10),
	(7287, '19:00:00', '2024-06-12', 1, 0, 0, 10, 2, 25, 10),
	(7288, '20:00:00', '2024-06-12', 1, 0, 0, 10, 2, 25, 10),
	(7289, '09:00:00', '2024-06-13', 1, 0, 0, 10, 1, 25, 11),
	(7290, '10:00:00', '2024-06-13', 1, 0, 0, 10, 1, 25, 11),
	(7291, '11:00:00', '2024-06-13', 1, 0, 0, 10, 1, 25, 11),
	(7292, '12:00:00', '2024-06-13', 1, 0, 0, 10, 1, 25, 11),
	(7293, '13:00:00', '2024-06-13', 1, 0, 0, 10, 1, 25, 11),
	(7294, '14:00:00', '2024-06-13', 1, 0, 0, 10, 1, 25, 11),
	(7295, '16:00:00', '2024-06-13', 1, 0, 0, 10, 1, 25, 11),
	(7296, '17:00:00', '2024-06-13', 1, 0, 0, 10, 1, 25, 11),
	(7297, '18:00:00', '2024-06-13', 1, 0, 0, 10, 1, 25, 11),
	(7298, '19:00:00', '2024-06-13', 1, 0, 0, 10, 1, 25, 11),
	(7299, '20:00:00', '2024-06-13', 1, 0, 0, 10, 1, 25, 11),
	(7300, '09:00:00', '2024-06-13', 1, 0, 0, 10, 2, 25, 11),
	(7301, '10:00:00', '2024-06-13', 1, 0, 0, 10, 2, 25, 11),
	(7302, '11:00:00', '2024-06-13', 1, 0, 0, 10, 2, 25, 11),
	(7303, '12:00:00', '2024-06-13', 1, 0, 0, 10, 2, 25, 11),
	(7304, '13:00:00', '2024-06-13', 1, 0, 0, 10, 2, 25, 11),
	(7305, '14:00:00', '2024-06-13', 1, 0, 0, 10, 2, 25, 11),
	(7306, '16:00:00', '2024-06-13', 1, 0, 0, 10, 2, 25, 11),
	(7307, '17:00:00', '2024-06-13', 1, 0, 0, 10, 2, 25, 11),
	(7308, '18:00:00', '2024-06-13', 1, 0, 0, 10, 2, 25, 11),
	(7309, '19:00:00', '2024-06-13', 1, 0, 0, 10, 2, 25, 11),
	(7310, '20:00:00', '2024-06-13', 1, 0, 0, 10, 2, 25, 11),
	(7311, '09:00:00', '2024-06-14', 1, 0, 0, 10, 1, 25, 12),
	(7312, '10:00:00', '2024-06-14', 1, 0, 0, 10, 1, 25, 12),
	(7313, '11:00:00', '2024-06-14', 1, 0, 0, 10, 1, 25, 12),
	(7314, '12:00:00', '2024-06-14', 1, 0, 0, 10, 1, 25, 12),
	(7315, '13:00:00', '2024-06-14', 1, 0, 0, 10, 1, 25, 12),
	(7316, '14:00:00', '2024-06-14', 1, 0, 0, 10, 1, 25, 12),
	(7317, '16:00:00', '2024-06-14', 1, 0, 0, 10, 1, 25, 12),
	(7318, '17:00:00', '2024-06-14', 1, 0, 0, 10, 1, 25, 12),
	(7319, '18:00:00', '2024-06-14', 1, 0, 0, 10, 1, 25, 12),
	(7320, '19:00:00', '2024-06-14', 1, 0, 0, 10, 1, 25, 12),
	(7321, '20:00:00', '2024-06-14', 1, 0, 0, 10, 1, 25, 12),
	(7322, '09:00:00', '2024-06-14', 1, 0, 0, 10, 2, 25, 12),
	(7323, '10:00:00', '2024-06-14', 1, 0, 0, 10, 2, 25, 12),
	(7324, '11:00:00', '2024-06-14', 1, 0, 0, 10, 2, 25, 12),
	(7325, '12:00:00', '2024-06-14', 1, 0, 0, 10, 2, 25, 12),
	(7326, '13:00:00', '2024-06-14', 1, 0, 0, 10, 2, 25, 12),
	(7327, '14:00:00', '2024-06-14', 1, 0, 0, 10, 2, 25, 12),
	(7328, '16:00:00', '2024-06-14', 1, 0, 0, 10, 2, 25, 12),
	(7329, '17:00:00', '2024-06-14', 1, 0, 0, 10, 2, 25, 12),
	(7330, '18:00:00', '2024-06-14', 1, 0, 0, 10, 2, 25, 12),
	(7331, '19:00:00', '2024-06-14', 1, 0, 0, 10, 2, 25, 12),
	(7332, '20:00:00', '2024-06-14', 1, 0, 0, 10, 2, 25, 12),
	(7333, '09:00:00', '2024-06-15', 1, 0, 0, 10, 1, 25, 13),
	(7334, '10:00:00', '2024-06-15', 1, 0, 0, 10, 1, 25, 13),
	(7335, '11:00:00', '2024-06-15', 1, 0, 0, 10, 1, 25, 13),
	(7336, '12:00:00', '2024-06-15', 1, 0, 0, 10, 1, 25, 13),
	(7337, '13:00:00', '2024-06-15', 1, 0, 0, 10, 1, 25, 13),
	(7338, '17:00:00', '2024-06-15', 1, 0, 0, 10, 1, 25, 13),
	(7339, '18:00:00', '2024-06-15', 1, 0, 0, 10, 1, 25, 13),
	(7340, '19:00:00', '2024-06-15', 1, 0, 0, 10, 1, 25, 13),
	(7341, '09:00:00', '2024-06-15', 1, 0, 0, 10, 2, 25, 13),
	(7342, '10:00:00', '2024-06-15', 1, 0, 0, 10, 2, 25, 13),
	(7343, '11:00:00', '2024-06-15', 1, 0, 0, 10, 2, 25, 13),
	(7344, '12:00:00', '2024-06-15', 1, 0, 0, 10, 2, 25, 13),
	(7345, '13:00:00', '2024-06-15', 1, 0, 0, 10, 2, 25, 13),
	(7346, '17:00:00', '2024-06-15', 1, 0, 0, 10, 2, 25, 13),
	(7347, '18:00:00', '2024-06-15', 1, 0, 0, 10, 2, 25, 13),
	(7348, '19:00:00', '2024-06-15', 1, 0, 0, 10, 2, 25, 13),
	(7349, '09:00:00', '2024-06-16', 1, 0, 0, 10, 1, 25, 14),
	(7350, '10:00:00', '2024-06-16', 1, 0, 0, 10, 1, 25, 14),
	(7351, '11:00:00', '2024-06-16', 1, 0, 0, 10, 1, 25, 14),
	(7352, '12:00:00', '2024-06-16', 1, 0, 0, 10, 1, 25, 14),
	(7353, '13:00:00', '2024-06-16', 1, 0, 0, 10, 1, 25, 14),
	(7354, '00:00:00', '2024-06-16', 1, 0, 0, 10, 1, 25, 14),
	(7355, '09:00:00', '2024-06-16', 1, 0, 0, 10, 2, 25, 14),
	(7356, '10:00:00', '2024-06-16', 1, 0, 0, 10, 2, 25, 14),
	(7357, '11:00:00', '2024-06-16', 1, 0, 0, 10, 2, 25, 14),
	(7358, '12:00:00', '2024-06-16', 1, 0, 0, 10, 2, 25, 14),
	(7359, '13:00:00', '2024-06-16', 1, 0, 0, 10, 2, 25, 14),
	(7360, '00:00:00', '2024-06-16', 1, 0, 0, 10, 2, 25, 14),
	(7361, '09:00:00', '2024-06-17', 1, 0, 0, 10, 1, 25, 8),
	(7362, '10:00:00', '2024-06-17', 1, 0, 0, 10, 1, 25, 8),
	(7363, '11:00:00', '2024-06-17', 1, 0, 0, 10, 1, 25, 8),
	(7364, '12:00:00', '2024-06-17', 1, 0, 0, 10, 1, 25, 8),
	(7365, '13:00:00', '2024-06-17', 1, 0, 0, 10, 1, 25, 8),
	(7366, '14:00:00', '2024-06-17', 1, 0, 0, 10, 1, 25, 8),
	(7367, '16:00:00', '2024-06-17', 1, 0, 0, 10, 1, 25, 8),
	(7368, '17:00:00', '2024-06-17', 1, 0, 0, 10, 1, 25, 8),
	(7369, '18:00:00', '2024-06-17', 1, 0, 0, 10, 1, 25, 8),
	(7370, '19:00:00', '2024-06-17', 1, 0, 0, 10, 1, 25, 8),
	(7371, '20:00:00', '2024-06-17', 1, 0, 0, 10, 1, 25, 8),
	(7372, '09:00:00', '2024-06-17', 1, 0, 0, 10, 2, 25, 8),
	(7373, '10:00:00', '2024-06-17', 1, 0, 0, 10, 2, 25, 8),
	(7374, '11:00:00', '2024-06-17', 1, 0, 0, 10, 2, 25, 8),
	(7375, '12:00:00', '2024-06-17', 1, 0, 0, 10, 2, 25, 8),
	(7376, '13:00:00', '2024-06-17', 1, 0, 0, 10, 2, 25, 8),
	(7377, '14:00:00', '2024-06-17', 1, 0, 0, 10, 2, 25, 8),
	(7378, '16:00:00', '2024-06-17', 1, 0, 0, 10, 2, 25, 8),
	(7379, '17:00:00', '2024-06-17', 1, 0, 0, 10, 2, 25, 8),
	(7380, '18:00:00', '2024-06-17', 1, 0, 0, 10, 2, 25, 8),
	(7381, '19:00:00', '2024-06-17', 1, 0, 0, 10, 2, 25, 8),
	(7382, '20:00:00', '2024-06-17', 1, 0, 0, 10, 2, 25, 8),
	(7383, '09:00:00', '2024-06-18', 1, 0, 0, 10, 1, 25, 9),
	(7384, '10:00:00', '2024-06-18', 1, 0, 0, 10, 1, 25, 9),
	(7385, '11:00:00', '2024-06-18', 1, 0, 0, 10, 1, 25, 9),
	(7386, '12:00:00', '2024-06-18', 1, 0, 0, 10, 1, 25, 9),
	(7387, '13:00:00', '2024-06-18', 1, 0, 0, 10, 1, 25, 9),
	(7388, '14:00:00', '2024-06-18', 1, 0, 0, 10, 1, 25, 9),
	(7389, '16:00:00', '2024-06-18', 1, 0, 0, 10, 1, 25, 9),
	(7390, '17:00:00', '2024-06-18', 1, 0, 0, 10, 1, 25, 9),
	(7391, '18:00:00', '2024-06-18', 1, 0, 0, 10, 1, 25, 9),
	(7392, '19:00:00', '2024-06-18', 1, 0, 0, 10, 1, 25, 9),
	(7393, '20:00:00', '2024-06-18', 1, 0, 0, 10, 1, 25, 9),
	(7394, '09:00:00', '2024-06-18', 1, 0, 0, 10, 2, 25, 9),
	(7395, '10:00:00', '2024-06-18', 1, 0, 0, 10, 2, 25, 9),
	(7396, '11:00:00', '2024-06-18', 1, 0, 0, 10, 2, 25, 9),
	(7397, '12:00:00', '2024-06-18', 1, 0, 0, 10, 2, 25, 9),
	(7398, '13:00:00', '2024-06-18', 1, 0, 0, 10, 2, 25, 9),
	(7399, '14:00:00', '2024-06-18', 1, 0, 0, 10, 2, 25, 9),
	(7400, '16:00:00', '2024-06-18', 1, 0, 0, 10, 2, 25, 9),
	(7401, '17:00:00', '2024-06-18', 1, 0, 0, 10, 2, 25, 9),
	(7402, '18:00:00', '2024-06-18', 1, 0, 0, 10, 2, 25, 9),
	(7403, '19:00:00', '2024-06-18', 1, 0, 0, 10, 2, 25, 9),
	(7404, '20:00:00', '2024-06-18', 1, 0, 0, 10, 2, 25, 9),
	(7405, '09:00:00', '2024-06-19', 1, 0, 0, 10, 1, 25, 10),
	(7406, '10:00:00', '2024-06-19', 1, 0, 0, 10, 1, 25, 10),
	(7407, '11:00:00', '2024-06-19', 1, 0, 0, 10, 1, 25, 10),
	(7408, '12:00:00', '2024-06-19', 1, 0, 0, 10, 1, 25, 10),
	(7409, '13:00:00', '2024-06-19', 1, 0, 0, 10, 1, 25, 10),
	(7410, '14:00:00', '2024-06-19', 1, 0, 0, 10, 1, 25, 10),
	(7411, '16:00:00', '2024-06-19', 1, 0, 0, 10, 1, 25, 10),
	(7412, '17:00:00', '2024-06-19', 1, 0, 0, 10, 1, 25, 10),
	(7413, '18:00:00', '2024-06-19', 1, 0, 0, 10, 1, 25, 10),
	(7414, '19:00:00', '2024-06-19', 1, 0, 0, 10, 1, 25, 10),
	(7415, '20:00:00', '2024-06-19', 1, 0, 0, 10, 1, 25, 10),
	(7416, '09:00:00', '2024-06-19', 1, 0, 0, 10, 2, 25, 10),
	(7417, '10:00:00', '2024-06-19', 1, 0, 0, 10, 2, 25, 10),
	(7418, '11:00:00', '2024-06-19', 1, 0, 0, 10, 2, 25, 10),
	(7419, '12:00:00', '2024-06-19', 1, 0, 0, 10, 2, 25, 10),
	(7420, '13:00:00', '2024-06-19', 1, 0, 0, 10, 2, 25, 10),
	(7421, '14:00:00', '2024-06-19', 1, 0, 0, 10, 2, 25, 10),
	(7422, '16:00:00', '2024-06-19', 1, 0, 0, 10, 2, 25, 10),
	(7423, '17:00:00', '2024-06-19', 1, 0, 0, 10, 2, 25, 10),
	(7424, '18:00:00', '2024-06-19', 1, 0, 0, 10, 2, 25, 10),
	(7425, '19:00:00', '2024-06-19', 1, 0, 0, 10, 2, 25, 10),
	(7426, '20:00:00', '2024-06-19', 1, 0, 0, 10, 2, 25, 10),
	(7427, '09:00:00', '2024-06-20', 1, 0, 0, 10, 1, 25, 11),
	(7428, '10:00:00', '2024-06-20', 1, 0, 0, 10, 1, 25, 11),
	(7429, '11:00:00', '2024-06-20', 1, 0, 0, 10, 1, 25, 11),
	(7430, '12:00:00', '2024-06-20', 1, 0, 0, 10, 1, 25, 11),
	(7431, '13:00:00', '2024-06-20', 1, 0, 0, 10, 1, 25, 11),
	(7432, '14:00:00', '2024-06-20', 1, 0, 0, 10, 1, 25, 11),
	(7433, '16:00:00', '2024-06-20', 1, 0, 0, 10, 1, 25, 11),
	(7434, '17:00:00', '2024-06-20', 1, 0, 0, 10, 1, 25, 11),
	(7435, '18:00:00', '2024-06-20', 1, 0, 0, 10, 1, 25, 11),
	(7436, '19:00:00', '2024-06-20', 1, 0, 0, 10, 1, 25, 11),
	(7437, '20:00:00', '2024-06-20', 1, 0, 0, 10, 1, 25, 11),
	(7438, '09:00:00', '2024-06-20', 1, 0, 0, 10, 2, 25, 11),
	(7439, '10:00:00', '2024-06-20', 1, 0, 0, 10, 2, 25, 11),
	(7440, '11:00:00', '2024-06-20', 1, 0, 0, 10, 2, 25, 11),
	(7441, '12:00:00', '2024-06-20', 1, 0, 0, 10, 2, 25, 11),
	(7442, '13:00:00', '2024-06-20', 1, 0, 0, 10, 2, 25, 11),
	(7443, '14:00:00', '2024-06-20', 1, 0, 0, 10, 2, 25, 11),
	(7444, '16:00:00', '2024-06-20', 1, 0, 0, 10, 2, 25, 11),
	(7445, '17:00:00', '2024-06-20', 1, 0, 0, 10, 2, 25, 11),
	(7446, '18:00:00', '2024-06-20', 1, 0, 0, 10, 2, 25, 11),
	(7447, '19:00:00', '2024-06-20', 1, 0, 0, 10, 2, 25, 11),
	(7448, '20:00:00', '2024-06-20', 1, 0, 0, 10, 2, 25, 11),
	(7449, '09:00:00', '2024-06-21', 1, 0, 0, 10, 1, 25, 12),
	(7450, '10:00:00', '2024-06-21', 1, 0, 0, 10, 1, 25, 12),
	(7451, '11:00:00', '2024-06-21', 1, 0, 0, 10, 1, 25, 12),
	(7452, '12:00:00', '2024-06-21', 1, 0, 0, 10, 1, 25, 12),
	(7453, '13:00:00', '2024-06-21', 1, 0, 0, 10, 1, 25, 12),
	(7454, '14:00:00', '2024-06-21', 1, 0, 0, 10, 1, 25, 12),
	(7455, '16:00:00', '2024-06-21', 1, 0, 0, 10, 1, 25, 12),
	(7456, '17:00:00', '2024-06-21', 1, 0, 0, 10, 1, 25, 12),
	(7457, '18:00:00', '2024-06-21', 1, 0, 0, 10, 1, 25, 12),
	(7458, '19:00:00', '2024-06-21', 1, 0, 0, 10, 1, 25, 12),
	(7459, '20:00:00', '2024-06-21', 1, 0, 0, 10, 1, 25, 12),
	(7460, '09:00:00', '2024-06-21', 1, 0, 0, 10, 2, 25, 12),
	(7461, '10:00:00', '2024-06-21', 1, 0, 0, 10, 2, 25, 12),
	(7462, '11:00:00', '2024-06-21', 1, 0, 0, 10, 2, 25, 12),
	(7463, '12:00:00', '2024-06-21', 1, 0, 0, 10, 2, 25, 12),
	(7464, '13:00:00', '2024-06-21', 1, 0, 0, 10, 2, 25, 12),
	(7465, '14:00:00', '2024-06-21', 1, 0, 0, 10, 2, 25, 12),
	(7466, '16:00:00', '2024-06-21', 1, 0, 0, 10, 2, 25, 12),
	(7467, '17:00:00', '2024-06-21', 1, 0, 0, 10, 2, 25, 12),
	(7468, '18:00:00', '2024-06-21', 1, 0, 0, 10, 2, 25, 12),
	(7469, '19:00:00', '2024-06-21', 1, 0, 0, 10, 2, 25, 12),
	(7470, '20:00:00', '2024-06-21', 1, 0, 0, 10, 2, 25, 12),
	(7471, '09:00:00', '2024-06-22', 1, 0, 0, 10, 1, 25, 13),
	(7472, '10:00:00', '2024-06-22', 1, 0, 0, 10, 1, 25, 13),
	(7473, '11:00:00', '2024-06-22', 1, 0, 0, 10, 1, 25, 13),
	(7474, '12:00:00', '2024-06-22', 1, 0, 0, 10, 1, 25, 13),
	(7475, '13:00:00', '2024-06-22', 1, 0, 0, 10, 1, 25, 13),
	(7476, '17:00:00', '2024-06-22', 1, 0, 0, 10, 1, 25, 13),
	(7477, '18:00:00', '2024-06-22', 1, 0, 0, 10, 1, 25, 13),
	(7478, '19:00:00', '2024-06-22', 1, 0, 0, 10, 1, 25, 13),
	(7479, '09:00:00', '2024-06-22', 1, 0, 0, 10, 2, 25, 13),
	(7480, '10:00:00', '2024-06-22', 1, 0, 0, 10, 2, 25, 13),
	(7481, '11:00:00', '2024-06-22', 1, 0, 0, 10, 2, 25, 13),
	(7482, '12:00:00', '2024-06-22', 1, 0, 0, 10, 2, 25, 13),
	(7483, '13:00:00', '2024-06-22', 1, 0, 0, 10, 2, 25, 13),
	(7484, '17:00:00', '2024-06-22', 1, 0, 0, 10, 2, 25, 13),
	(7485, '18:00:00', '2024-06-22', 1, 0, 0, 10, 2, 25, 13),
	(7486, '19:00:00', '2024-06-22', 1, 0, 0, 10, 2, 25, 13),
	(7487, '09:00:00', '2024-06-23', 1, 0, 0, 10, 1, 25, 14),
	(7488, '10:00:00', '2024-06-23', 1, 0, 0, 10, 1, 25, 14),
	(7489, '11:00:00', '2024-06-23', 1, 0, 0, 10, 1, 25, 14),
	(7490, '12:00:00', '2024-06-23', 1, 0, 0, 10, 1, 25, 14),
	(7491, '13:00:00', '2024-06-23', 1, 0, 0, 10, 1, 25, 14),
	(7492, '00:00:00', '2024-06-23', 1, 0, 0, 10, 1, 25, 14),
	(7493, '09:00:00', '2024-06-23', 1, 0, 0, 10, 2, 25, 14),
	(7494, '10:00:00', '2024-06-23', 1, 0, 0, 10, 2, 25, 14),
	(7495, '11:00:00', '2024-06-23', 1, 0, 0, 10, 2, 25, 14),
	(7496, '12:00:00', '2024-06-23', 1, 0, 0, 10, 2, 25, 14),
	(7497, '13:00:00', '2024-06-23', 1, 0, 0, 10, 2, 25, 14),
	(7498, '00:00:00', '2024-06-23', 1, 0, 0, 10, 2, 25, 14),
	(7499, '09:00:00', '2024-06-24', 1, 0, 0, 10, 1, 25, 8),
	(7500, '10:00:00', '2024-06-24', 1, 0, 0, 10, 1, 25, 8),
	(7501, '11:00:00', '2024-06-24', 1, 0, 0, 10, 1, 25, 8),
	(7502, '12:00:00', '2024-06-24', 1, 0, 0, 10, 1, 25, 8),
	(7503, '13:00:00', '2024-06-24', 1, 0, 0, 10, 1, 25, 8),
	(7504, '14:00:00', '2024-06-24', 1, 0, 0, 10, 1, 25, 8),
	(7505, '16:00:00', '2024-06-24', 1, 0, 0, 10, 1, 25, 8),
	(7506, '17:00:00', '2024-06-24', 1, 0, 0, 10, 1, 25, 8),
	(7507, '18:00:00', '2024-06-24', 1, 0, 0, 10, 1, 25, 8),
	(7508, '19:00:00', '2024-06-24', 1, 0, 0, 10, 1, 25, 8),
	(7509, '20:00:00', '2024-06-24', 1, 0, 0, 10, 1, 25, 8),
	(7510, '09:00:00', '2024-06-24', 1, 0, 0, 10, 2, 25, 8),
	(7511, '10:00:00', '2024-06-24', 1, 0, 0, 10, 2, 25, 8),
	(7512, '11:00:00', '2024-06-24', 1, 0, 0, 10, 2, 25, 8),
	(7513, '12:00:00', '2024-06-24', 1, 0, 0, 10, 2, 25, 8),
	(7514, '13:00:00', '2024-06-24', 1, 0, 0, 10, 2, 25, 8),
	(7515, '14:00:00', '2024-06-24', 1, 0, 0, 10, 2, 25, 8),
	(7516, '16:00:00', '2024-06-24', 1, 0, 0, 10, 2, 25, 8),
	(7517, '17:00:00', '2024-06-24', 1, 0, 0, 10, 2, 25, 8),
	(7518, '18:00:00', '2024-06-24', 1, 0, 0, 10, 2, 25, 8),
	(7519, '19:00:00', '2024-06-24', 1, 0, 0, 10, 2, 25, 8),
	(7520, '20:00:00', '2024-06-24', 1, 0, 0, 10, 2, 25, 8),
	(7521, '09:00:00', '2024-06-25', 1, 0, 0, 10, 1, 25, 9),
	(7522, '10:00:00', '2024-06-25', 1, 0, 0, 10, 1, 25, 9),
	(7523, '11:00:00', '2024-06-25', 1, 0, 0, 10, 1, 25, 9),
	(7524, '12:00:00', '2024-06-25', 1, 0, 0, 10, 1, 25, 9),
	(7525, '13:00:00', '2024-06-25', 1, 0, 0, 10, 1, 25, 9),
	(7526, '14:00:00', '2024-06-25', 1, 0, 0, 10, 1, 25, 9),
	(7527, '16:00:00', '2024-06-25', 1, 0, 0, 10, 1, 25, 9),
	(7528, '17:00:00', '2024-06-25', 1, 0, 0, 10, 1, 25, 9),
	(7529, '18:00:00', '2024-06-25', 1, 0, 0, 10, 1, 25, 9),
	(7530, '19:00:00', '2024-06-25', 1, 0, 0, 10, 1, 25, 9),
	(7531, '20:00:00', '2024-06-25', 1, 0, 0, 10, 1, 25, 9),
	(7532, '09:00:00', '2024-06-25', 1, 0, 0, 10, 2, 25, 9),
	(7533, '10:00:00', '2024-06-25', 1, 0, 0, 10, 2, 25, 9),
	(7534, '11:00:00', '2024-06-25', 1, 0, 0, 10, 2, 25, 9),
	(7535, '12:00:00', '2024-06-25', 1, 0, 0, 10, 2, 25, 9),
	(7536, '13:00:00', '2024-06-25', 1, 0, 0, 10, 2, 25, 9),
	(7537, '14:00:00', '2024-06-25', 1, 0, 0, 10, 2, 25, 9),
	(7538, '16:00:00', '2024-06-25', 1, 0, 0, 10, 2, 25, 9),
	(7539, '17:00:00', '2024-06-25', 1, 0, 0, 10, 2, 25, 9),
	(7540, '18:00:00', '2024-06-25', 1, 0, 0, 10, 2, 25, 9),
	(7541, '19:00:00', '2024-06-25', 1, 0, 0, 10, 2, 25, 9),
	(7542, '20:00:00', '2024-06-25', 1, 0, 0, 10, 2, 25, 9),
	(7543, '09:00:00', '2024-06-26', 1, 0, 0, 10, 1, 25, 10),
	(7544, '10:00:00', '2024-06-26', 1, 0, 0, 10, 1, 25, 10),
	(7545, '11:00:00', '2024-06-26', 1, 0, 0, 10, 1, 25, 10),
	(7546, '12:00:00', '2024-06-26', 1, 0, 0, 10, 1, 25, 10),
	(7547, '13:00:00', '2024-06-26', 1, 0, 0, 10, 1, 25, 10),
	(7548, '14:00:00', '2024-06-26', 1, 0, 0, 10, 1, 25, 10),
	(7549, '16:00:00', '2024-06-26', 1, 0, 0, 10, 1, 25, 10),
	(7550, '17:00:00', '2024-06-26', 1, 0, 0, 10, 1, 25, 10),
	(7551, '18:00:00', '2024-06-26', 1, 0, 0, 10, 1, 25, 10),
	(7552, '19:00:00', '2024-06-26', 1, 0, 0, 10, 1, 25, 10),
	(7553, '20:00:00', '2024-06-26', 1, 0, 0, 10, 1, 25, 10),
	(7554, '09:00:00', '2024-06-26', 1, 0, 0, 10, 2, 25, 10),
	(7555, '10:00:00', '2024-06-26', 1, 0, 0, 10, 2, 25, 10),
	(7556, '11:00:00', '2024-06-26', 1, 0, 0, 10, 2, 25, 10),
	(7557, '12:00:00', '2024-06-26', 1, 0, 0, 10, 2, 25, 10),
	(7558, '13:00:00', '2024-06-26', 1, 0, 0, 10, 2, 25, 10),
	(7559, '14:00:00', '2024-06-26', 1, 0, 0, 10, 2, 25, 10),
	(7560, '16:00:00', '2024-06-26', 1, 0, 0, 10, 2, 25, 10),
	(7561, '17:00:00', '2024-06-26', 1, 0, 0, 10, 2, 25, 10),
	(7562, '18:00:00', '2024-06-26', 1, 0, 0, 10, 2, 25, 10),
	(7563, '19:00:00', '2024-06-26', 1, 0, 0, 10, 2, 25, 10),
	(7564, '20:00:00', '2024-06-26', 1, 0, 0, 10, 2, 25, 10),
	(7565, '09:00:00', '2024-06-27', 1, 0, 0, 10, 1, 25, 11),
	(7566, '10:00:00', '2024-06-27', 1, 0, 0, 10, 1, 25, 11),
	(7567, '11:00:00', '2024-06-27', 1, 0, 0, 10, 1, 25, 11),
	(7568, '12:00:00', '2024-06-27', 1, 0, 0, 10, 1, 25, 11),
	(7569, '13:00:00', '2024-06-27', 1, 0, 0, 10, 1, 25, 11),
	(7570, '14:00:00', '2024-06-27', 1, 0, 0, 10, 1, 25, 11),
	(7571, '16:00:00', '2024-06-27', 1, 0, 0, 10, 1, 25, 11),
	(7572, '17:00:00', '2024-06-27', 1, 0, 0, 10, 1, 25, 11),
	(7573, '18:00:00', '2024-06-27', 1, 0, 0, 10, 1, 25, 11),
	(7574, '19:00:00', '2024-06-27', 1, 0, 0, 10, 1, 25, 11),
	(7575, '20:00:00', '2024-06-27', 1, 0, 0, 10, 1, 25, 11),
	(7576, '09:00:00', '2024-06-27', 1, 0, 0, 10, 2, 25, 11),
	(7577, '10:00:00', '2024-06-27', 1, 0, 0, 10, 2, 25, 11),
	(7578, '11:00:00', '2024-06-27', 1, 0, 0, 10, 2, 25, 11),
	(7579, '12:00:00', '2024-06-27', 1, 0, 0, 10, 2, 25, 11),
	(7580, '13:00:00', '2024-06-27', 1, 0, 0, 10, 2, 25, 11),
	(7581, '14:00:00', '2024-06-27', 1, 0, 0, 10, 2, 25, 11),
	(7582, '16:00:00', '2024-06-27', 1, 0, 0, 10, 2, 25, 11),
	(7583, '17:00:00', '2024-06-27', 1, 0, 0, 10, 2, 25, 11),
	(7584, '18:00:00', '2024-06-27', 1, 0, 0, 10, 2, 25, 11),
	(7585, '19:00:00', '2024-06-27', 1, 0, 0, 10, 2, 25, 11),
	(7586, '20:00:00', '2024-06-27', 1, 0, 0, 10, 2, 25, 11),
	(7587, '09:00:00', '2024-06-28', 1, 0, 0, 10, 1, 25, 12),
	(7588, '10:00:00', '2024-06-28', 1, 0, 0, 10, 1, 25, 12),
	(7589, '11:00:00', '2024-06-28', 1, 0, 0, 10, 1, 25, 12),
	(7590, '12:00:00', '2024-06-28', 1, 0, 0, 10, 1, 25, 12),
	(7591, '13:00:00', '2024-06-28', 1, 0, 0, 10, 1, 25, 12),
	(7592, '14:00:00', '2024-06-28', 1, 0, 0, 10, 1, 25, 12),
	(7593, '16:00:00', '2024-06-28', 1, 0, 0, 10, 1, 25, 12),
	(7594, '17:00:00', '2024-06-28', 1, 0, 0, 10, 1, 25, 12),
	(7595, '18:00:00', '2024-06-28', 1, 0, 0, 10, 1, 25, 12),
	(7596, '19:00:00', '2024-06-28', 1, 0, 0, 10, 1, 25, 12),
	(7597, '20:00:00', '2024-06-28', 1, 0, 0, 10, 1, 25, 12),
	(7598, '09:00:00', '2024-06-28', 1, 0, 0, 10, 2, 25, 12),
	(7599, '10:00:00', '2024-06-28', 1, 0, 0, 10, 2, 25, 12),
	(7600, '11:00:00', '2024-06-28', 1, 0, 0, 10, 2, 25, 12),
	(7601, '12:00:00', '2024-06-28', 1, 0, 0, 10, 2, 25, 12),
	(7602, '13:00:00', '2024-06-28', 1, 0, 0, 10, 2, 25, 12),
	(7603, '14:00:00', '2024-06-28', 1, 0, 0, 10, 2, 25, 12),
	(7604, '16:00:00', '2024-06-28', 1, 0, 0, 10, 2, 25, 12),
	(7605, '17:00:00', '2024-06-28', 1, 0, 0, 10, 2, 25, 12),
	(7606, '18:00:00', '2024-06-28', 1, 0, 0, 10, 2, 25, 12),
	(7607, '19:00:00', '2024-06-28', 1, 0, 0, 10, 2, 25, 12),
	(7608, '20:00:00', '2024-06-28', 1, 0, 0, 10, 2, 25, 12),
	(7609, '09:00:00', '2024-06-29', 1, 0, 0, 10, 1, 25, 13),
	(7610, '10:00:00', '2024-06-29', 1, 0, 0, 10, 1, 25, 13),
	(7611, '11:00:00', '2024-06-29', 1, 0, 0, 10, 1, 25, 13),
	(7612, '12:00:00', '2024-06-29', 1, 0, 0, 10, 1, 25, 13),
	(7613, '13:00:00', '2024-06-29', 1, 0, 0, 10, 1, 25, 13),
	(7614, '17:00:00', '2024-06-29', 1, 0, 0, 10, 1, 25, 13),
	(7615, '18:00:00', '2024-06-29', 1, 0, 0, 10, 1, 25, 13),
	(7616, '19:00:00', '2024-06-29', 1, 0, 0, 10, 1, 25, 13),
	(7617, '09:00:00', '2024-06-29', 1, 0, 0, 10, 2, 25, 13),
	(7618, '10:00:00', '2024-06-29', 1, 0, 0, 10, 2, 25, 13),
	(7619, '11:00:00', '2024-06-29', 1, 0, 0, 10, 2, 25, 13),
	(7620, '12:00:00', '2024-06-29', 1, 0, 0, 10, 2, 25, 13),
	(7621, '13:00:00', '2024-06-29', 1, 0, 0, 10, 2, 25, 13),
	(7622, '17:00:00', '2024-06-29', 1, 0, 0, 10, 2, 25, 13),
	(7623, '18:00:00', '2024-06-29', 1, 0, 0, 10, 2, 25, 13),
	(7624, '19:00:00', '2024-06-29', 1, 0, 0, 10, 2, 25, 13),
	(7625, '09:00:00', '2024-06-30', 1, 0, 0, 10, 1, 25, 14),
	(7626, '10:00:00', '2024-06-30', 1, 0, 0, 10, 1, 25, 14),
	(7627, '11:00:00', '2024-06-30', 1, 0, 0, 10, 1, 25, 14),
	(7628, '12:00:00', '2024-06-30', 1, 0, 0, 10, 1, 25, 14),
	(7629, '13:00:00', '2024-06-30', 1, 0, 0, 10, 1, 25, 14),
	(7630, '00:00:00', '2024-06-30', 1, 0, 0, 10, 1, 25, 14),
	(7631, '09:00:00', '2024-06-30', 1, 0, 0, 10, 2, 25, 14),
	(7632, '10:00:00', '2024-06-30', 1, 0, 0, 10, 2, 25, 14),
	(7633, '11:00:00', '2024-06-30', 1, 0, 0, 10, 2, 25, 14),
	(7634, '12:00:00', '2024-06-30', 1, 0, 0, 10, 2, 25, 14),
	(7635, '13:00:00', '2024-06-30', 1, 0, 0, 10, 2, 25, 14),
	(7636, '00:00:00', '2024-06-30', 1, 0, 0, 10, 2, 25, 14),
	(7647, '08:00:00', '2024-05-03', 1, 0, 0, 10, 1, 25, 71),
	(7648, '09:00:00', '2024-05-03', 1, 0, 0, 10, 1, 25, 71),
	(7649, '10:00:00', '2024-05-03', 1, 0, 0, 10, 1, 25, 71),
	(7650, '11:00:00', '2024-05-03', 1, 0, 0, 10, 1, 25, 71),
	(7651, '12:00:00', '2024-05-03', 1, 0, 0, 10, 1, 25, 71),
	(7652, '13:00:00', '2024-05-03', 1, 0, 0, 10, 1, 25, 71),
	(7653, '14:00:00', '2024-05-03', 1, 0, 0, 10, 1, 25, 71),
	(7654, '08:00:00', '2024-05-03', 1, 0, 0, 10, 2, 25, 71),
	(7655, '09:00:00', '2024-05-03', 1, 0, 0, 10, 2, 25, 71),
	(7656, '10:00:00', '2024-05-03', 1, 0, 0, 10, 2, 25, 71),
	(7657, '11:00:00', '2024-05-03', 1, 0, 0, 10, 2, 25, 71),
	(7658, '12:00:00', '2024-05-03', 1, 0, 0, 10, 2, 25, 71),
	(7659, '13:00:00', '2024-05-03', 1, 0, 0, 10, 2, 25, 71),
	(7660, '14:00:00', '2024-05-03', 1, 0, 0, 10, 2, 25, 71),
	(7661, '00:00:00', '2024-05-04', 1, 0, 0, 10, 1, 25, 43),
	(7662, '00:00:00', '2024-05-04', 1, 0, 0, 10, 1, 25, 43),
	(7663, '00:00:00', '2024-05-04', 1, 0, 0, 10, 2, 25, 43),
	(7664, '00:00:00', '2024-05-04', 1, 0, 0, 10, 2, 25, 43),
	(7665, '00:00:00', '2024-05-05', 1, 0, 0, 10, 1, 25, 43),
	(7666, '00:00:00', '2024-05-05', 1, 0, 0, 10, 1, 25, 43),
	(7667, '00:00:00', '2024-05-05', 1, 0, 0, 10, 2, 25, 43),
	(7668, '00:00:00', '2024-05-05', 1, 0, 0, 10, 2, 25, 43);

-- Volcando estructura para tabla reservalo.horas_reserva
CREATE TABLE IF NOT EXISTS `horas_reserva` (
  `id_hora_reserva` int(11) NOT NULL AUTO_INCREMENT,
  `id_reserva` int(11) NOT NULL DEFAULT 0,
  `id_hora_pista` int(11) NOT NULL DEFAULT 0,
  `necesita_material` tinyint(4) DEFAULT NULL,
  `n_plazas_reserva` int(11) DEFAULT NULL,
  `completo` tinyint(4) DEFAULT NULL,
  `importe` float DEFAULT NULL,
  PRIMARY KEY (`id_hora_reserva`),
  KEY `fk_horaReserva_reserva` (`id_reserva`),
  KEY `fk_horaReserva_horaPista` (`id_hora_pista`),
  CONSTRAINT `fk_horaReserva_horaPista` FOREIGN KEY (`id_hora_pista`) REFERENCES `horas_pistas` (`id_hora_pista`) ON DELETE NO ACTION ON UPDATE CASCADE,
  CONSTRAINT `fk_horaReserva_reserva` FOREIGN KEY (`id_reserva`) REFERENCES `reservas` (`id_reserva`) ON DELETE NO ACTION ON UPDATE CASCADE
) ENGINE=InnoDB AUTO_INCREMENT=37 DEFAULT CHARSET=utf8mb4 COLLATE=utf8mb4_general_ci;

-- Volcando datos para la tabla reservalo.horas_reserva: ~29 rows (aproximadamente)
DELETE FROM `horas_reserva`;
INSERT INTO `horas_reserva` (`id_hora_reserva`, `id_reserva`, `id_hora_pista`, `necesita_material`, `n_plazas_reserva`, `completo`, `importe`) VALUES
	(1, 6, 6877, 1, 4, 0, 2),
	(2, 7, 6877, 1, 4, 0, 2),
	(3, 8, 6877, 1, 20, 0, 2),
	(4, 9, 6877, 1, 20, 0, 2),
	(5, 10, 6877, 1, 20, 0, 2),
	(6, 11, 6877, 1, 20, 0, 2),
	(7, 12, 6935, 1, 5, 0, 4),
	(8, 13, 6935, 0, 0, 0, 2),
	(9, 14, 6935, 0, 1, 0, 2),
	(10, 15, 6935, 0, 1, 0, 2),
	(11, 16, 6936, 1, 5, 0, 4),
	(12, 17, 6936, 0, 6, 0, 2),
	(13, 18, 6936, 0, 2, 0, 2),
	(14, 19, 6936, 0, 7, 0, 2),
	(15, 20, 6936, 0, 2, 0, 2),
	(16, 21, 6936, 1, 7, 0, 4),
	(17, 22, 6936, 1, 2, 0, 4),
	(18, 23, 6881, 0, 5, 0, 2),
	(19, 24, 6881, 0, 4, 0, 2),
	(20, 25, 6881, 0, 1, 0, 2),
	(21, 26, 6881, 0, 3, 0, 2),
	(22, 27, 6881, 0, 3, 0, 2),
	(23, 28, 6854, 0, 3, 0, 2),
	(24, 29, 6875, 0, 1, 0, 2),
	(25, 30, 6876, 0, 1, 0, 2),
	(26, 31, 6898, 0, 10, 1, 2),
	(27, 32, 6898, 0, 10, 1, 2),
	(28, 33, 6901, 1, 3, 0, 4),
	(29, 34, 6901, 1, 3, 0, 4),
	(30, 35, 6906, 1, 10, 1, 4),
	(31, 36, 6856, 0, 3, 0, 2),
	(32, 41, 6938, 1, 10, 1, 4),
	(33, 42, 6907, 0, 4, 0, 0),
	(34, 43, 6907, 0, 2, 0, 0),
	(35, 44, 6907, 0, 2, 0, 4),
	(36, 45, 6906, 0, 4, 0, 8);

-- Volcando estructura para tabla reservalo.instalaciones
CREATE TABLE IF NOT EXISTS `instalaciones` (
  `id_instalacion` int(11) NOT NULL AUTO_INCREMENT,
  `id_categoria` int(11) NOT NULL,
  `nombre` varchar(30) NOT NULL,
  `descripcion` varchar(120) NOT NULL,
  `borrado` tinyint(1) NOT NULL,
  `mantenimiento` tinyint(1) NOT NULL,
  `valoracion` float NOT NULL DEFAULT 0,
  `suplemento_material` float NOT NULL,
  `foto` varchar(40) NOT NULL,
  `imagen1` varchar(40) NOT NULL,
  `imagen2` varchar(40) NOT NULL,
  `imagen3` varchar(40) NOT NULL,
  `latencia` varchar(50) NOT NULL DEFAULT '' COMMENT 'Latencia en el mapa para mostrar en la pagina de la instalacion',
  `longitud` varchar(50) NOT NULL DEFAULT '' COMMENT 'Longitud en el mapa para mostrar en la pagina de la instalacion',
  `precio` float DEFAULT NULL,
  PRIMARY KEY (`id_instalacion`),
  KEY `fk_categorias_instalaciones` (`id_categoria`),
  CONSTRAINT `fk_categorias_instalaciones` FOREIGN KEY (`id_categoria`) REFERENCES `categorias` (`id_categoria`) ON DELETE NO ACTION ON UPDATE CASCADE
) ENGINE=InnoDB AUTO_INCREMENT=9 DEFAULT CHARSET=utf8mb4 COLLATE=utf8mb4_general_ci;

-- Volcando datos para la tabla reservalo.instalaciones: ~5 rows (aproximadamente)
DELETE FROM `instalaciones`;
INSERT INTO `instalaciones` (`id_instalacion`, `id_categoria`, `nombre`, `descripcion`, `borrado`, `mantenimiento`, `valoracion`, `suplemento_material`, `foto`, `imagen1`, `imagen2`, `imagen3`, `latencia`, `longitud`, `precio`) VALUES
	(1, 1, 'Pabellón Municipal', 'En esta instalación podrás jugar a fútbol sala, baloncesto o usar redes portables y jugar al badminton', 0, 0, 3.5, 2, 'futsal.jpg', 'futsal1.jpeg', 'futsal2.jpeg', 'futsal3.jpeg', '37.114075', '-4.7002783', 2),
	(2, 2, 'Salón de Actos', 'Puedes usar esta instalación para hacer reuniones, representar obras de teatro, hacer charlas...', 0, 0, 3, 2, 'salonActo.jpg', 'salonActo1.jpeg', 'salonActo2.jpeg', 'salonActo3.jpg', '37.1148359', '-4.7037263', 2),
	(4, 4, 'Local Simple', 'Local, donde se puede celebrar comuniones, cumpleaños, reuniones ...', 0, 0, 3, 2, 'local.jpg', 'local1.png', 'local2.png', 'local3.png', '37.1148555', '-4.7031654', 2),
	(6, 1, 'Campo de Fútbol', 'Puedes jugar a Fútbol 7 y Fútbol 11', 0, 1, 0, 2, 'campoFutbol.jpg', 'campoFutbol1.jpg', 'campoFutbol2.jpg', 'campoFutbol3.jpg', '37.114075', '-4.7002783', 2),
	(8, 3, 'Sala Billar', 'Sala con 4 mesas de billar', 0, 0, 0, 2, 'billar.jpg', 'billar1.jpeg', 'billar2.jpg', 'billar3.jpeg', '37.1142802', '-4.7035774', NULL);

-- Volcando estructura para tabla reservalo.mantenimientos
CREATE TABLE IF NOT EXISTS `mantenimientos` (
  `id_mantenimiento` int(11) NOT NULL AUTO_INCREMENT,
  `id_instalacion` int(11) NOT NULL,
  `nombre` varchar(30) NOT NULL,
  `descripcion` varchar(120) NOT NULL,
  `terminada` tinyint(1) NOT NULL,
  `fecha_inicio` date DEFAULT NULL,
  `fecha_fin` date DEFAULT NULL,
  PRIMARY KEY (`id_mantenimiento`),
  KEY `fk_id_instalacion_mantenimientos` (`id_instalacion`),
  CONSTRAINT `fk_id_instalacion_mantenimientos` FOREIGN KEY (`id_instalacion`) REFERENCES `instalaciones` (`id_instalacion`) ON DELETE NO ACTION ON UPDATE CASCADE
) ENGINE=InnoDB AUTO_INCREMENT=3 DEFAULT CHARSET=utf8mb4 COLLATE=utf8mb4_general_ci;

-- Volcando datos para la tabla reservalo.mantenimientos: ~2 rows (aproximadamente)
DELETE FROM `mantenimientos`;
INSERT INTO `mantenimientos` (`id_mantenimiento`, `id_instalacion`, `nombre`, `descripcion`, `terminada`, `fecha_inicio`, `fecha_fin`) VALUES
	(1, 2, 'Arreglo de Telones', 'Los telones estaban rajados', 1, '2024-04-30', '2024-05-01'),
	(2, 6, 'Arreglo de las redes', 'Las redes de las porterías pequeñas están rotas', 0, '2024-04-30', NULL);

-- Volcando estructura para tabla reservalo.periodos
CREATE TABLE IF NOT EXISTS `periodos` (
  `id_periodo` int(11) NOT NULL AUTO_INCREMENT,
  `nombre` varchar(30) NOT NULL,
  `fecha_inicio` date NOT NULL,
  `fecha_final` date NOT NULL,
  PRIMARY KEY (`id_periodo`)
) ENGINE=InnoDB AUTO_INCREMENT=5 DEFAULT CHARSET=utf8mb4 COLLATE=utf8mb4_general_ci;

-- Volcando datos para la tabla reservalo.periodos: ~4 rows (aproximadamente)
DELETE FROM `periodos`;
INSERT INTO `periodos` (`id_periodo`, `nombre`, `fecha_inicio`, `fecha_final`) VALUES
	(1, 'verano', '2024-05-20', '2024-09-15'),
	(2, 'invierno', '2023-11-11', '2024-02-18'),
	(3, 'primavera', '2024-02-19', '2024-05-19'),
	(4, 'otoño', '2024-09-16', '2024-11-10');

-- Volcando estructura para tabla reservalo.pistas
CREATE TABLE IF NOT EXISTS `pistas` (
  `id_pista` int(11) NOT NULL AUTO_INCREMENT,
  `id_instalacion` int(11) NOT NULL,
  `nombre` varchar(30) NOT NULL,
  `precio_completo` float NOT NULL,
  `precio_plaza` float NOT NULL,
  `n_plazas` int(11) NOT NULL DEFAULT 0,
  PRIMARY KEY (`id_pista`),
  KEY `fk_id_instalacion_pistas` (`id_instalacion`),
  CONSTRAINT `fk_id_instalacion_pistas` FOREIGN KEY (`id_instalacion`) REFERENCES `instalaciones` (`id_instalacion`) ON DELETE NO ACTION ON UPDATE CASCADE
) ENGINE=InnoDB AUTO_INCREMENT=17 DEFAULT CHARSET=utf8mb4 COLLATE=utf8mb4_general_ci;

-- Volcando datos para la tabla reservalo.pistas: ~8 rows (aproximadamente)
DELETE FROM `pistas`;
INSERT INTO `pistas` (`id_pista`, `id_instalacion`, `nombre`, `precio_completo`, `precio_plaza`, `n_plazas`) VALUES
	(1, 1, 'pista 1', 3, 2, 10),
	(2, 1, 'pista 2', 3, 2, 10),
	(7, 4, 'local completo', 10, 2, 10),
	(8, 2, 'salon completo', 10, 2, 10),
	(13, 8, 'Pista1-Sala Billar', 5, 3, 2),
	(14, 8, 'Pista2-Sala Billar', 5, 3, 2),
	(15, 8, 'Pista3-Sala Billar', 5, 3, 2),
	(16, 8, 'Pista4-Sala Billar', 5, 3, 2);

-- Volcando estructura para tabla reservalo.plantilla_horarios
CREATE TABLE IF NOT EXISTS `plantilla_horarios` (
  `id_plantilla` int(11) NOT NULL AUTO_INCREMENT,
  `id_periodo` int(11) DEFAULT NULL,
  `id_tipo_horario` int(11) DEFAULT NULL,
  `id_dia_semana` int(11) DEFAULT NULL,
  PRIMARY KEY (`id_plantilla`),
  KEY `fk_periodos_plantilla_01` (`id_periodo`),
  KEY `fk_tipohorarios_plantilla_01` (`id_tipo_horario`),
  KEY `fk_diasSemana_plantilla_01` (`id_dia_semana`),
  CONSTRAINT `fk_diasSemana_plantilla_01` FOREIGN KEY (`id_dia_semana`) REFERENCES `dias_semana` (`id_dia_semana`) ON DELETE NO ACTION ON UPDATE CASCADE,
  CONSTRAINT `fk_periodos_plantilla_01` FOREIGN KEY (`id_periodo`) REFERENCES `periodos` (`id_periodo`) ON DELETE NO ACTION ON UPDATE CASCADE,
  CONSTRAINT `fk_tipohorarios_plantilla_01` FOREIGN KEY (`id_tipo_horario`) REFERENCES `tipos_horarios` (`id_tipo_horario`) ON DELETE NO ACTION ON UPDATE CASCADE
) ENGINE=InnoDB AUTO_INCREMENT=85 DEFAULT CHARSET=utf8mb4 COLLATE=utf8mb4_general_ci;

-- Volcando datos para la tabla reservalo.plantilla_horarios: ~84 rows (aproximadamente)
DELETE FROM `plantilla_horarios`;
INSERT INTO `plantilla_horarios` (`id_plantilla`, `id_periodo`, `id_tipo_horario`, `id_dia_semana`) VALUES
	(1, 1, 1, 1),
	(2, 1, 1, 2),
	(3, 1, 1, 3),
	(4, 1, 1, 4),
	(5, 1, 1, 5),
	(6, 1, 2, 6),
	(7, 1, 3, 7),
	(8, 2, 4, 1),
	(9, 2, 4, 2),
	(10, 2, 4, 3),
	(11, 2, 4, 4),
	(12, 2, 4, 5),
	(13, 2, 5, 6),
	(14, 2, 6, 7),
	(15, 3, 7, 1),
	(16, 3, 7, 2),
	(17, 3, 7, 3),
	(18, 3, 7, 4),
	(19, 3, 7, 5),
	(20, 3, 9, 6),
	(21, 3, 10, 7),
	(22, 4, 7, 1),
	(23, 4, 7, 2),
	(24, 4, 7, 3),
	(25, 4, 7, 4),
	(26, 4, 7, 5),
	(27, 4, 10, 7),
	(28, 4, 9, 6),
	(29, 1, 8, 1),
	(30, 1, 8, 2),
	(31, 1, 8, 3),
	(32, 1, 8, 4),
	(33, 1, 8, 5),
	(34, 1, 8, 6),
	(35, 1, 8, 7),
	(36, 2, 8, 1),
	(37, 2, 8, 2),
	(38, 2, 8, 3),
	(39, 2, 8, 4),
	(40, 2, 8, 5),
	(41, 2, 8, 6),
	(42, 2, 8, 7),
	(43, 3, 8, 1),
	(44, 3, 8, 2),
	(45, 3, 8, 3),
	(46, 3, 8, 4),
	(47, 3, 8, 5),
	(48, 3, 8, 6),
	(49, 3, 8, 7),
	(50, 4, 8, 1),
	(51, 4, 8, 2),
	(52, 4, 8, 3),
	(53, 4, 8, 4),
	(54, 4, 8, 5),
	(55, 4, 8, 6),
	(56, 4, 8, 7),
	(57, 1, 11, 1),
	(58, 1, 11, 2),
	(59, 1, 11, 3),
	(60, 1, 11, 4),
	(61, 1, 11, 5),
	(62, 1, 11, 6),
	(63, 1, 11, 7),
	(64, 2, 11, 1),
	(65, 2, 11, 2),
	(66, 2, 11, 3),
	(67, 2, 11, 4),
	(68, 2, 11, 5),
	(69, 2, 11, 6),
	(70, 2, 11, 7),
	(71, 3, 11, 1),
	(72, 3, 11, 2),
	(73, 3, 11, 3),
	(74, 3, 11, 4),
	(75, 3, 11, 5),
	(76, 3, 11, 6),
	(77, 3, 11, 7),
	(78, 4, 11, 1),
	(79, 4, 11, 2),
	(80, 4, 11, 3),
	(81, 4, 11, 4),
	(82, 4, 11, 5),
	(83, 4, 11, 6),
	(84, 4, 11, 7);

-- Volcando estructura para tabla reservalo.quejas
CREATE TABLE IF NOT EXISTS `quejas` (
  `id_queja` int(11) NOT NULL AUTO_INCREMENT,
  `id_pista` int(11) NOT NULL,
  `id_usuario` int(11) NOT NULL,
  `queja` varchar(120) NOT NULL,
  `fecha_queja` date NOT NULL,
  PRIMARY KEY (`id_queja`),
  KEY `fk_id_usuario_quejas` (`id_usuario`),
  KEY `fk_id_pista_quejas` (`id_pista`),
  CONSTRAINT `fk_id_pista_quejas` FOREIGN KEY (`id_pista`) REFERENCES `pistas` (`id_pista`) ON DELETE NO ACTION ON UPDATE CASCADE,
  CONSTRAINT `fk_id_usuario_quejas` FOREIGN KEY (`id_usuario`) REFERENCES `usuarios` (`id_usuario`) ON DELETE NO ACTION ON UPDATE CASCADE
) ENGINE=InnoDB DEFAULT CHARSET=utf8mb4 COLLATE=utf8mb4_general_ci;

-- Volcando datos para la tabla reservalo.quejas: ~0 rows (aproximadamente)
DELETE FROM `quejas`;

-- Volcando estructura para tabla reservalo.reservas
CREATE TABLE IF NOT EXISTS `reservas` (
  `id_reserva` int(11) NOT NULL AUTO_INCREMENT,
  `id_pista` int(11) NOT NULL,
  `id_hora` int(11) NOT NULL,
  `id_usuario` int(11) NOT NULL,
  `id_forma_pago` int(11) NOT NULL,
  `fecha_reserva` int(11) NOT NULL,
  `necesita_material` tinyint(1) NOT NULL,
  `importe_reserva` float NOT NULL,
  PRIMARY KEY (`id_reserva`),
  KEY `fk_id_pista_01` (`id_pista`),
  KEY `fk_id_usuario_01` (`id_usuario`),
  KEY `fk_id_forma_pago_01` (`id_forma_pago`),
  KEY `FK_reservas_horas_pistas` (`id_hora`),
  CONSTRAINT `FK_reservas_horas_pistas` FOREIGN KEY (`id_hora`) REFERENCES `horas_pistas` (`id_hora_pista`) ON DELETE NO ACTION ON UPDATE CASCADE,
  CONSTRAINT `fk_id_forma_pago_01` FOREIGN KEY (`id_forma_pago`) REFERENCES `formas_pago` (`id_forma_pago`) ON DELETE NO ACTION ON UPDATE CASCADE,
  CONSTRAINT `fk_id_pista_01` FOREIGN KEY (`id_pista`) REFERENCES `pistas` (`id_pista`) ON DELETE NO ACTION ON UPDATE CASCADE,
  CONSTRAINT `fk_id_usuario_01` FOREIGN KEY (`id_usuario`) REFERENCES `usuarios` (`id_usuario`) ON DELETE NO ACTION ON UPDATE CASCADE
) ENGINE=InnoDB AUTO_INCREMENT=46 DEFAULT CHARSET=utf8mb4 COLLATE=utf8mb4_general_ci;

-- Volcando datos para la tabla reservalo.reservas: ~31 rows (aproximadamente)
DELETE FROM `reservas`;
INSERT INTO `reservas` (`id_reserva`, `id_pista`, `id_hora`, `id_usuario`, `id_forma_pago`, `fecha_reserva`, `necesita_material`, `importe_reserva`) VALUES
	(6, 1, 6877, 9, 2, 2024, 1, 2),
	(7, 1, 6877, 9, 2, 2024, 1, 2),
	(8, 1, 6877, 9, 2, 2024, 1, 2),
	(9, 1, 6877, 9, 2, 2024, 1, 2),
	(10, 1, 6877, 9, 2, 2024, 1, 2),
	(11, 1, 6877, 9, 2, 2024, 1, 2),
	(12, 1, 6935, 9, 2, 2024, 1, 4),
	(13, 1, 6935, 9, 1, 2024, 0, 2),
	(14, 1, 6935, 9, 2, 2024, 0, 2),
	(15, 1, 6935, 9, 1, 2024, 0, 2),
	(16, 1, 6936, 9, 2, 2024, 1, 4),
	(17, 1, 6936, 9, 1, 2024, 0, 2),
	(18, 1, 6936, 9, 3, 2024, 0, 2),
	(19, 1, 6936, 9, 1, 2024, 0, 2),
	(20, 1, 6936, 9, 2, 2024, 0, 2),
	(21, 1, 6936, 9, 3, 2024, 1, 4),
	(22, 1, 6936, 9, 1, 2024, 1, 4),
	(23, 1, 6881, 9, 1, 2024, 0, 2),
	(24, 1, 6881, 9, 1, 2024, 0, 2),
	(25, 1, 6881, 9, 1, 2024, 0, 2),
	(26, 1, 6881, 9, 1, 2024, 0, 2),
	(27, 1, 6881, 9, 1, 2024, 0, 2),
	(28, 1, 6854, 9, 3, 2024, 0, 2),
	(29, 1, 6875, 9, 1, 2024, 0, 2),
	(30, 1, 6876, 9, 1, 2024, 0, 2),
	(31, 2, 6898, 9, 1, 2024, 0, 2),
	(32, 2, 6898, 9, 1, 2024, 0, 2),
	(33, 1, 6901, 9, 1, 2024, 1, 4),
	(34, 1, 6901, 9, 1, 2024, 1, 4),
	(35, 2, 6906, 9, 1, 2024, 1, 4),
	(36, 1, 6856, 10, 2, 2024, 0, 2),
	(41, 1, 6938, 15, 2, 2024, 1, 4),
	(42, 1, 6907, 9, 1, 2024, 0, 0),
	(43, 1, 6907, 9, 1, 2024, 0, 0),
	(44, 1, 6907, 9, 1, 2024, 0, 4),
	(45, 2, 6906, 9, 1, 2024, 0, 8);

-- Volcando estructura para tabla reservalo.roles
CREATE TABLE IF NOT EXISTS `roles` (
  `id_role` int(11) DEFAULT NULL,
  `nombre` varchar(50) DEFAULT NULL
) ENGINE=InnoDB DEFAULT CHARSET=utf8mb4 COLLATE=utf8mb4_general_ci;

-- Volcando datos para la tabla reservalo.roles: ~3 rows (aproximadamente)
DELETE FROM `roles`;
INSERT INTO `roles` (`id_role`, `nombre`) VALUES
	(1, 'usuario normal'),
	(2, 'admin'),
	(3, 'empleado');

-- Volcando estructura para tabla reservalo.tipos_horarios
CREATE TABLE IF NOT EXISTS `tipos_horarios` (
  `id_tipo_horario` int(11) NOT NULL AUTO_INCREMENT,
  `nombre_horario` varchar(30) NOT NULL,
  `apertura_manana` time NOT NULL,
  `cierre_manana` time NOT NULL,
  `apertura_tarde` time NOT NULL,
  `cierre_tarde` time NOT NULL,
  PRIMARY KEY (`id_tipo_horario`)
) ENGINE=InnoDB AUTO_INCREMENT=12 DEFAULT CHARSET=utf8mb4 COLLATE=utf8mb4_general_ci;

-- Volcando datos para la tabla reservalo.tipos_horarios: ~11 rows (aproximadamente)
DELETE FROM `tipos_horarios`;
INSERT INTO `tipos_horarios` (`id_tipo_horario`, `nombre_horario`, `apertura_manana`, `cierre_manana`, `apertura_tarde`, `cierre_tarde`) VALUES
	(1, 'verano', '08:00:00', '13:00:00', '17:30:00', '21:30:00'),
	(2, 'sabado_verano', '09:00:00', '13:00:00', '18:00:00', '20:00:00'),
	(3, 'festivos_verano', '08:30:00', '13:00:00', '00:00:00', '00:00:00'),
	(4, 'invierno', '09:00:00', '14:00:00', '16:00:00', '20:00:00'),
	(5, 'sabado_invierno', '09:00:00', '13:30:00', '17:00:00', '19:00:00'),
	(6, 'festivo_invierno', '09:00:00', '13:00:00', '00:00:00', '00:00:00'),
	(7, 'otoño_primavera', '09:00:00', '13:30:00', '16:30:00', '20:30:00'),
	(8, 'cerrado', '00:00:00', '00:00:00', '00:00:00', '00:00:00'),
	(9, 'sabado_otoño_primavera', '09:30:00', '13:00:00', '17:00:00', '19:00:00'),
	(10, 'festivos_otoño_primavera', '09:30:00', '13:00:00', '00:00:00', '00:00:00'),
	(11, 'solo_manana', '08:00:00', '14:00:00', '00:00:00', '00:00:00');

-- Volcando estructura para tabla reservalo.usuarios
CREATE TABLE IF NOT EXISTS `usuarios` (
  `id_usuario` int(11) NOT NULL AUTO_INCREMENT,
  `nombre` varchar(30) NOT NULL,
  `email` varchar(30) NOT NULL,
  `password` varchar(60) NOT NULL,
  `role` int(11) DEFAULT NULL,
  PRIMARY KEY (`id_usuario`)
) ENGINE=InnoDB AUTO_INCREMENT=16 DEFAULT CHARSET=utf8mb4 COLLATE=utf8mb4_general_ci;

-- Volcando datos para la tabla reservalo.usuarios: ~3 rows (aproximadamente)
DELETE FROM `usuarios`;
INSERT INTO `usuarios` (`id_usuario`, `nombre`, `email`, `password`, `role`) VALUES
	(9, 'Danielo_24', 'ruizsotodani2@gmail.com', '91cda6f4d61c06dcbc8b6efe056b346aed1431e7', 1),
	(10, 'rapunse', 'bebidasinma@gmail.com', 'fb209b9f02d94811cdd780770f4da071209ce459', 1),
	(15, 'prueba2', 'dani@gmail.com', 'd8c7468774962290ed594c33e79c2c219b2c2f42', 1);

/*!40103 SET TIME_ZONE=IFNULL(@OLD_TIME_ZONE, 'system') */;
/*!40101 SET SQL_MODE=IFNULL(@OLD_SQL_MODE, '') */;
/*!40014 SET FOREIGN_KEY_CHECKS=IFNULL(@OLD_FOREIGN_KEY_CHECKS, 1) */;
/*!40101 SET CHARACTER_SET_CLIENT=@OLD_CHARACTER_SET_CLIENT */;
/*!40111 SET SQL_NOTES=IFNULL(@OLD_SQL_NOTES, 1) */;
